品名,價格
【SPUTNIK 斯普尼克】EXPLORE 寵物胸背帶Harness(S+),$990
【SPUTNIK 斯普尼克】EXPLORE 寵物頸圈Collar(L),$600
【SPUTNIK 斯普尼克】EXPLORE 寵物胸背帶Harness(S),$890
【SPUTNIK 斯普尼克】寵物胸背帶S號+寵物牽繩S號,"$1,440"
【SPUTNIK 斯普尼克】EXPLORE 寵物胸背帶Harness(L),"$1,190"
【SPUTNIK 斯普尼克】EXPLORE 寵物頸圈Collar(M),$550
【TW COLLECT】一鍵退毛寵物按摩梳(寵物除毛梳 貓咪梳子 順毛 寵物梳 寵物用品 寵物美容),$183(售價已折)
【MODODO 摸肚肚】GOGOBOX小立方寵物推車(寵物商品 寵物 推車 寵物包 寵物用品 寵物推車 摸肚肚 寵物外出),"$3,618"
【神經貓】可折疊帳篷寵物用品貓咪產房(寵物帳篷/寵物產房/寵物籠/寵物窩/寵物圍籠),$887(售價已折)
USB充電紅外線逗貓筆(射程3000米 寵物用品 逗貓棒 貓咪玩具 筆型強光手電筒 驅趕鳥),$253(售價已折)
【MODODO 摸肚肚】GOGOBOX小立方寵物推車(寵物商品 寵物 推車 寵物包 寵物用品 寵物推車 摸肚肚 寵物外出),"$3,618"
【貓毛神器】萬用靜電除塵除毛刷(黏毛 去毛球 重複使用 衣物除塵 寵物用品 黏毛器 靜電刷),$206(售價已折)
骨頭造型寵物編織磨牙棒-2件組(耐啃咬 磨牙 牙齒清潔 潔牙骨 寵物球 狗玩具 寵物用品),$163(售價已折)
【彬彬小舖】三層貓籠 78*55*140-加粗加固 電鍍烤漆經久耐用(貓籠 貓窩 貓跳台 籠子 寵物用品),"$2,246(售價已折)"
【典贊創意】寵尚天小寵無塵真紙棉(倉鼠紙棉 倉鼠廚紙 倉鼠墊材 寵物用品),$180(售價已折)
【毛毛家】寵物用品狗狗棉繩玩具│磨牙潔齒汪星人咬繩│防無聊玩具│寵物互動玩具│13款可選(001122SVZZ),$137(售價已折)
【珍寵】日韓熱銷 百變多功能寵物圍欄 -帶門款(/柵欄/門欄/圍籬/寵物窩/寵物籠/寵物用品),$737(售價已折)
【DREAMCATCHER】雙層貓咪吊床(貓窩/貓床/寵物用品/寵物吊床/窗邊貓掛床),$367(售價已折)
【新翊】汽車後座防水寵物墊(狗狗坐墊、防水後座車墊、汽車保潔墊、寵物用品、車用墊),$319(售價已折)
寵物外出飲水瓶-600ml(狗狗 貓咪 餵食器 隨行杯 飲水杯 飲水器 飼料杯 寵物水壺 寵物用品),$245(售價已折)
【KCS 嚴選】折疊式寵物烘乾箱-M號(寵物美容/寵物/吹風機/寵物吹水機/寵物用品),"$1,948(售價已折)"
【賀拉HORLA生活家居】小款貓窩四季可疊加貓咪床房子家具屋寵物用品(寵物床 貓窩 狗窩 睡床睡墊),$422(售價已折)
【京太陽】高品質仿真人造草皮地板(草皮 人造草皮 裝飾 裝潢 仿真人造草皮 地板 地墊 寵物用品),$656(售價已折)
【Jo Go Wu】寵物外出包(外出籠/寵物背包/貓咪外出包/寵物外出袋/狗背包/貓咪外出包/寵物用品/寵物提袋),$399
【PAWS FAMILIA 爪子本舖】寵物英倫風加厚雨衣(寵物雨衣/寵物用品/寵物服飾/雨衣/機能雨衣),$919(售價已折)
【寵物用品】LED寵物指甲剪(照血線 防飛濺 指甲刀 寵物剪 安全剪 修甲器 寵物美容 貓狗通用 寵物剪指甲),$299
【ENJOY LIFE 樂享生活】寵物潔牙指套濕紙巾(50片*3入 共150片 寵物用品 牙齒清潔 刷牙濕巾 貓狗清潔手套),$699
【寵愛寵物】USB寵物專業電動剃毛刀(修毛 理毛 電推剪 剃毛器 推毛器 寵物美容 寵物電剪 寵物用品),$364(售價已折)
【彬彬小舖】二層貓籠 78*55*100-加粗加固 電鍍烤漆經久耐用(貓籠 貓窩 貓跳台 籠子 寵物用品),"$1,944(售價已折)"
【ENJOY LIFE 樂享生活】時尚寵物自動牽引繩-8M(多色任選/寵物牽繩/伸縮牽繩/寵物拉繩/寵物用品/貓狗用品),$352(售價已折)
【SPUTNIK 斯普尼克】EXPLORE 寵物胸背帶Harness(L),"$1,190"
【SPUTNIK 斯普尼克】EXPLORE 寵物頸圈Collar(S),$450
【SPUTNIK 斯普尼克】軍風寵物床 M號(寵物床),"$1,580"
【SPUTNIK 斯普尼克】EXPLORE 寵物胸背帶Harness(M),"$1,090"
【SPUTNIK 斯普尼克】寵物防蟻碗(寵物防蟻碗),$850
【SPUTNIK 斯普尼克】EXPLORE 寵物牽繩Leash(M),$650
寵物奶瓶50ML(餵奶器 餵食器 餵藥器 幼貓奶瓶 幼犬奶瓶 寵物哺乳 寵物用品),$163(售價已折)
戶外寵物可變化飛盤球(磨牙 飛碟球 訓練球 玩具球 狗狗玩具 寵物用品 寵物互動),$327(售價已折)
寵物專用奶瓶100ml-2入(餵奶器 餵食器 餵藥器 幼貓奶瓶 幼犬奶瓶 寵物哺乳 寵物用品),$195(售價已折)
【典贊創意】寵物雙排不鏽鋼梳(雙面梳子 雙排美容梳 貓狗兔針梳 寵物梳 雙排梳 寵物用品),$186(售價已折)
【STAR CANDY】寵物防蚤項圈 (防蚊項圈 狗狗防跳蚤項圈 除蚤寵物項圈 寵物用品 貓咪),$169
電動元氣沖沖鴨(USB充電 逗貓 貓玩具 貓咪解悶 多種模式 寵物玩具 寵物用品),$286(售價已折)
【ENJOY LIFE 樂享生活】寵物潔牙指套濕紙巾(50入 寵物用品 牙齒清潔 刷牙 指套濕巾 貓狗清潔手套),$349
【TW COLLECT】一鍵退毛寵物按摩梳(寵物除毛梳 貓咪梳子 順毛 寵物梳 寵物用品 寵物美容),$223(售價已折)
【寵物用品】小型寵物外出包26x15x19cm(鸚鵡/倉鼠/兔子/龍貓/刺蝟/蜜袋鼯/寵物包),$499
【輕鬆清潔】多功能滾筒除毛刷(靜電刷 貓毛 毛髮 清理器 地毯清潔 寵物用品 除塵刷 衣物 黏毛器),$296
寵物指甲剪/小號18*9cm(寵物用品/多種顏色可選),$119
【ENJOY LIFE 樂享生活】時尚寵物自動牽引繩-5M(多色任選/寵物牽繩/伸縮牽繩/寵物拉繩/寵物用品/貓狗用品),$206(售價已折)
【ENJOY LIFE 樂享生活】貓薄荷麻布魚-三件組(貓草 逗貓抱枕 貓玩具 寵物用品),$193(售價已折)
【ALucky 愛樂奇】寵物外出透氣雙肩豪華太空包(寵物太空包 外出包 寵物包 寵物用品 透明寵物包),$755(售價已折)
【寵毛連線】360度寵物洗腳杯-大款(洗腳機 狗洗腳器 寵物用品),$298(售價已折)
自動升降逗貓球(升降球 逗貓棒 貓玩具 寵物用品 寵物玩具 逗貓神器 智能逗貓),$327(售價已折)
【寵物用品】爬蟲孵化蛋托16x11x5cm(守宮蛋 烏龜蛋 鴿子蛋 球蟒 蜥蜴 12孔),$215
【寵物擼毛】寵物按摩梳毛手套(理毛 除廢毛 除毛手套 按摩手套 安撫手套 寵物脫毛 洗澡手套 寵物用品),$239
貓狗加厚絨兔衣服(寵物衣服  寵物服飾 貓咪變裝 可愛兔子抖音同款衣服 寵物用品),$245(售價已折)
【PETA】寵物用品狗狗貓咪枕頭(保護頸椎深度睡眠U型枕 小狗幼貓抱枕),$153(售價已折)
【MODODO 摸肚肚】舒適漂浮睡枕(睡枕 狗睡枕 寵物用品 狗狗睡枕 飛行床配件 狗用品),$590
【bigboi】寵物乾燥吹風機 MINI PLUS+(吹水機 寵物吹風機 寵物美容 寵物用品 寵物吹水機),"$7,235(售價已折)"
木架陶瓷寵物碗(貓碗 狗碗 寵物碗 餵食容器 寵物用品 造型碗 高顏質),$318(售價已折)
【寵毛連線】自動飲水器/餵食器-38L(貓碗 狗碗 寵物用品),$318(售價已折)
【SPUTNIK 斯普尼克】寵物胸背帶M號+寵物牽繩M號,"$1,740"
【SPUTNIK 斯普尼克】寵物梳,$480
【SPUTNIK 斯普尼克】COZY FOOD BOX 機能飼料箱,"$1,380"
【SPUTNIK 斯普尼克】增高防蟻碗2入(寵物防蟻碗),"$2,700"
【SPUTNIK 斯普尼克】寵物增高防蟻碗(寵物防蟻碗),"$1,350"
骨頭造型狗狗磨牙玩具(磨牙棒 耐啃咬 潔牙骨 狗牙刷 牙結石 益智 寵物用品 牙齒清潔),$195(售價已折)
寵物錄音按鈕互動鈴(錄音鈴 玩具鈴 寵物鈴 寵物訓練 寵物交流 寵物互動 益智玩具 寵物玩具 寵物用品),$220(售價已折)
【PAWS FAMILIA 爪子本舖】寵物機能衝鋒衣-楓葉(寵物外出用品/寵物用品/寵物服飾/寵物雨衣/雨衣/衝鋒衣),$643(售價已折)
【寵物用品】可折疊飼養箱 爬蟲飼養盒(飼養盒 寵物箱 觀察箱),$874(售價已折)
【CattyMan】貓用防水除蚤順毛梳(寵物用品),$396(售價已折)
日系可調節貓咪透氣吊床(貓窩 貓床 睡窩 睡床 貓掛床 貓跳床 貓吊床 寵物吊床 寵物用品),$195(售價已折)
【Doggy Man】犬用凹凸慢食止滑碗-S(寵物用品),$291(售價已折)
寵物自動飲水餵食器(狗碗 寵物碗 飼料碗 寵物用品 禮物 餵食器 水杯 貓狗 毛小孩 水盆),$242(售價已折)
【ENJOY LIFE 樂享生活】旋轉風車貓漏食玩具(多色任選 磨牙器 逗貓 蹭癢 貓用品 寵物用品 寵物潔牙),$159(售價已折)
【典贊創意】天然原木潔齒玩具(狗狗磨牙啃咬健齒玩具 耐磨狗玩具 磨牙玩具 啃咬玩具 狗狗玩具 寵物用品),$601(售價已折)
【賀拉HORLA生活家居】大款貓窩四季可疊加貓咪床房子家具屋寵物用品(寵物床 貓窩 狗窩 睡床睡墊),$451(售價已折)
寵物發聲發光球(磨牙 耐咬 玩具球 訓練球 狗狗玩具 發聲玩具 寵物用品 寵物互動),$245(售價已折)
【寵愛寵物】寵物清潔理毛針梳(去浮毛 寵物梳 廢毛梳 除毛梳 梳毛器 寵物理毛 寵物用品 貓狗通用),$269
【WILL設計+寵物用品】WB款加大極透氣款外出包(經典斑馬紋),"$1,988(售價已折)"
【聚優】寵物墊(車用寵物墊 車載寵物墊 汽車寵物墊 寵物車墊 狗狗防水防髒后座墊子 寵物用品),$350(售價已折)
【ROYALLIN 蘿林嚴選】高品質陶瓷刀頭電動剪毛器(寵物剃毛 寵物 貓 狗 剃毛刀  電動剪毛器 寵物用品),$509(售價已折)
【AOYI奧藝】籐編四季寵物窩 清新田園風寵物床睡墊(寵物用品 貓床 狗床 蒲草窩型貓抓板 內附軟墊+抱枕),$608(售價已折)
【寵物美容】USB充電款專業寵物修毛機(剃毛器 剃毛機 除毛機 修剪器 理毛器 電推剪 電動剃毛 寵物用品),$339(售價已折)
【巴芙洛】舒適木製免打孔懸掛式加寬寵物貓吊床/貓床(調節式貓掛床/貓吊床/貓窩/寵物用品/貓床),$523(售價已折)
【寵物夢工廠】實木鈴鐺逗貓棒3入(貓玩具/貓用品/逗貓神器/寵物玩具/寵物用品),$153(售價已折)
【CATIDEA 貓樂適】全罩式貓砂盆 L(貓砂盆 貓用品 貓廁所 寵物用品),"$1,380"
龍蝦寵物舒適頭套圈(脖圈 防咬圈 防舔頭套 防咬頭套 寵物頭套 術後頭套 寵物用品 伊莉莎白圈),$220(售價已折)
【STAR CANDY】寵物按摩除毛梳 免運費(一鍵式 自動除毛梳 除毛刷 寵物美容 貓狗梳子 寵物用品 寵物理毛),$169
厚款可分解寵物垃圾袋-135入(撿便袋 拾便帶 便便袋 狗屎袋 糞便袋 寵物用品 寵物外出),$245(售價已折)
【OMG】貓咪玩具彩虹球5入組 微彈力逗貓靜音球 寵物貓咪自嗨玩具(寵物用品),$219(售價已折)
寵物橄欖球耐咬玩具(磨牙 玩具球 訓練球 狗狗玩具 發聲玩具 寵物用品 寵物互動),$245(售價已折)
【多功能清潔刷】雙頭寵物潔牙專用刷-5入(狗貓牙刷 寵物牙刷 細軟毛牙刷 犬貓清潔 口腔清潔 寵物用品),$199
【京太陽】95x95cm仿真草皮地板(草皮 人造草皮 裝飾 裝潢 仿真人造草皮 地板 地墊 寵物用品),$463(售價已折)
唐草色蝴蝶結項圈(頸圈 貓項圈 狗項圈 貓領結 寵物項圈 寵物用品),$220(售價已折)
【YOUPICK】大型貓狗寵物電子秤 50kg UC0105(寵物用品 幼寵電子秤 體重秤),"$1,049(售價已折)"
【寵物用品】貓型倉鼠透明浴室盆13x8x9cm(天竺鼠/黃金鼠/老鼠/刺蝟/蜜袋鼯),$249
寵物外出便攜撿便器(遛狗 拾便器 夾便器 撿屎器 拾便袋 鏟屎器 糞便夾 寵物外出 寵物用品),$286(售價已折)
自動循環餵水器/半透明(寵物用品/多種顏色可選),$737(售價已折)
【良物造】除毛救星 寵物浮毛刷(寵物用品 理毛器具 梳毛器 貓狗適用),可訂購時通知我$374(售價已折)
【ROYALLIN 蘿林嚴選】貓狗門洞可控制出入方像寵物門(寵物門 寵物 貓 狗 寵物用品 門),$551(售價已折)
【ENJOY LIFE 樂享生活】時尚寵物自動牽引繩-5M(多色任選/寵物牽繩/伸縮牽繩/寵物拉繩/寵物用品/貓狗用品),$294(售價已折)
【寵物用品】倉鼠飛碟靜音跑輪1入(倉鼠玩具/小寵玩具),$499
【WILL設計+寵物用品】WB款極透氣款外出包(宇宙黑+經典斑馬紋),"$1,635(售價已折)"
【CattyMan】貓用懸掛式自動逗貓玩具-蜜蜂(寵物用品),$124(售價已折)
【寵物用品】寵物抓癢神器3入組(寵物按摩 貓薄荷 理毛 寵物梳 除毛梳 蹭毛器 牆角梳),$219
撞色風寵物飼料鏟-2入(貓糧 狗糧 飼料勺 食物鏟 糧食勺 糧食鏟 飼料匙 寵物用品),$183(售價已折)
【Doggy Man】犬用自然素材棉質潔牙拉索玩具-L(寵物用品),$328(售價已折)
【Jo Go Wu】魔術風琴貓抓板/變形貓抓板1入(貓抓盆/貓爪床/磨爪器/寵物用品/貓抓窩),$253(售價已折)
【ROYALLIN 蘿林嚴選】四季可拆卸貓窩(寵物窩 貓咪睡窩 貓屋 可拆洗 寵物用品 四季寵物窩),$746(售價已折)
【毛孩好朋友】高質感S型彎曲貓隧道(貓隧道 貓咪隧道 S型貓隧道 兔子隧道 寵物隧道 貓玩具 寵物用品),$459
【DREAMCATCHER】寵物收納階梯 3層睡窩款(寵物階梯/寵物窩/寵物用品/輔助樓梯/寵物梯),"$1,303(售價已折)"
【寵毛連線】貓臉造型寵物不鏽鋼斜口碗(貓碗 狗碗 寵物用品),$230(售價已折)
【神經貓】可折疊帳篷寵物用品貓咪產房(寵物帳篷/寵物產房/寵物籠/寵物窩/寵物圍籠),$956(售價已折)
【OMG】工字型翅膀寵物胸背 貓咪外出牽引繩 貓咪項圈 寵物用品,$302(售價已折)
【賀拉HORLA生活家居】物狗窩貓窩狗墊子金毛泰迪保暖四季窩墊子寵物用品(狗床墊貓墊子寵物床墊),$211(售價已折)
寵物慢食餵食器(狗碗 慢食碗 緩食碗 寵物碗 飼料碗 防噎碗 寵物用品 禮物),$163(售價已折)
【CATIDEA 貓樂適】全罩式貓砂盆 XL(貓砂盆 貓用品 貓廁所 寵物用品),"$1,790"
【STAR CANDY】寵物濕紙巾 80抽 免運費(貓犬通用 抗菌濕紙巾 狗狗濕紙巾 貓咪濕紙巾 寵物用品 寵物清潔),$169
【聚優】寵物門(貓狗進出門 貓洞 狗洞 自動寵物門  貓門 狗門 寵物活動門 寵物進出 寵物用品 生活用品),$514(售價已折)
【WILL設計+寵物用品】極輕超透氣外出包{新M尺寸}(斑馬紋),"$1,053(售價已折)"
【寵毛連線】寵物除毛滾輪(毛髮清理 除毛刷 黏毛器 寵物用品),$212(售價已折)
【Pet Universe 多寵宇宙】一把帶水箱的寵物梳子(藍色 粉色 長毛款 短毛款 貓毛梳 狗毛梳 去浮毛 寵物用品),$399
【寵物用品】一鍵式寵物除毛圓頭鋼梳(附保護蓋 針梳 寵物梳 廢毛梳 除毛梳 脫毛梳 寵物理毛 寵物美容),$224(售價已折)
【ROYALLIN 蘿林嚴選】摩登新款寵物圍攔家用格離網(貓圍欄 狗圍欄 免鑽孔 門欄 防護  寵物用品),$469(售價已折)
【賀拉HORLA生活家居】貓窩桌子(貓屋桌 寵物窩 貓咪睡窩 貓屋 寵物窩 寵物用品 床頭櫃 床邊桌子),$899(售價已折)
【PAWS FAMILIA爪子本舖】寵物機能衝鋒衣(寵物雨衣/寵物外出雨衣/寵物服飾/雨衣/寵物用品/外出用品),$643(售價已折)
【Pet and Pets 喵旺家族】Swift 寵物推車(輕量 貓推車 狗推車 寵物車 寵物外出 寵物用品),"$2,624(售價已折)"
懸掛式寵物自動餵食器(防打翻 掛籠碗 寵物碗 飼料碗 飼料器 籠用碗 寵物碗架 寵物用品),$327(售價已折)
【寵倍彼】寵物充電式剃腳毛機 電動磨甲機(磨甲機/寵物用品/指甲剪),$499
【珍寵】可拓展寵物雙肩背包(/單肩背包/外出袋/貓包包/狗包包/提袋/寵物用品外出),"$1,049(售價已折)"
【PAWS FAMILIA 爪子本舖】寵物機能保暖衣(寵物外出用品/寵物用品/寵物服飾/保暖衣/機能保暖衣),$919(售價已折)
【寵物用品】戶外懸掛式六角亭餵鳥器(小鳥/鴿子/喂鳥器/飼料食槽),$329
【珍寵】透氣寵物外出包(/單肩背包/外出袋/貓包包/狗包包/提袋/寵物用品外出),$811(售價已折)
三節伸縮逗貓棒(寵物用品/多種顏色可選),$122(售價已折)
冰淇淋造型貓砂鏟收納組(貓鏟 貓沙鏟 貓便鏟 貓砂盆 可壁掛 寵物清理 寵物用品),$242
【聚優】寵物墊(車用寵物墊 車載寵物墊 汽車寵物墊 寵物車墊 狗狗防水防髒后座墊子 寵物用品),$468(售價已折)
【寵毛連線】貓造型寵物護頸斜口碗(貓碗 狗碗 寵物用品),$194(售價已折)
【AFAMIC 艾法】狗貓寵物透氣戶外雨衣防寒衝鋒機能衣(多尺寸 防水雨衣 大狗小狗衣服 寵物外出 寵物用品),$803(售價已折)
狗狗背心式牽引繩/M號/胸圍37-47cm(寵物用品/多種顏色可選),$132(售價已折)
【智能餵食器】寵物智能餵食器 AH-416(六格 自動餵食器 智能 定時定量 餵食 寵物用品 貓狗 飼料機 甜甜圈),"$1,007(售價已折)"
【ROYALLIN 蘿林嚴選】四季保暖狗窩 加大款(寵物床 狗窩 保暖 貓窩 寵物 寵物用品),$633(售價已折)
【MODODO 摸宇宙漫步胸背帶 寵物胸背帶(寵物用品 胸背帶 牽繩 胸背衣 外出用品 寵物服飾 寵物衣 寵物商品),$990
二合一寵物外出隨行杯(外出杯 隨行杯 飲水杯 飲水器 飼料杯 喝水杯 寵物水壺 寵物用品),$269(售價已折)
簡約可調式寵物碗架(貓碗 狗碗 餵食碗 護頸碗 寵物用品 寵物餵食容器),$515(售價已折)
【NuoBIXING】摺疊寵物帳篷狗貓窩寵物籠子待產房(寵物用品/矩形貓產房),$851(售價已折)
【KCS 嚴選】折疊式寵物烘乾箱-L號(寵物美容/寵物/吹風機/寵物吹水機/寵物用品),"$2,286(售價已折)"
逗貓棒替換頭毛毛蟲(寵物用品),$113(售價已折)
【寵物用品】滾筒式可水洗寵物靜電除毛刷(貓毛 毛髮 清理器 地毯清潔 寵物用品 除塵刷 衣物 靜電刷 黏毛器),$341(售價已折)
耐磨斜紋電鍍項圈(頸圈 貓項圈 狗項圈 遛狗 寵物項圈 寵物用品),$245(售價已折)
【PAWS FAMILIA 爪子本舖】寵物自動伸縮牽引繩-5米(寵物牽繩/伸縮牽繩/寵物用品/寵物外出用品/牽引繩),$368(售價已折)
【瑪莉洋】布淨淨-寵物專用無香洗衣精1000ml(寵物用品/環境清潔/寵物織品清潔),$405(售價已折)
【寵物愛家】寵物用品劍麻貓樹貓抓貓跳台玩具-雙魚拚色(貓跳台),$650(售價已折)
【WILL設計+寵物用品】推車專用底部船行置物籃(質感黑),$319(售價已折)
寵物生日帽(寵物蛋糕帽 萬聖節生日造型 狗狗頭套 貓咪頭套 慶生帽 蛋糕帽 雞腿帽 生日帽 寵物用品),$899
【寵物用品】寵物尿布 公狗12片 S號(15-30cm),$219
【瑪莉洋】萬寧膠7gx3瓶(寵物用品/貓狗護理/外傷保護),$324(售價已折)
【點點喵】方形雙層貓抓板(寵物用品/貓咪用品/貓抓板/多種用途/貓屋/耐磨/耐抓),$245(售價已折)
【CLEAN 克林】瞇瞇喵 造型貓抓板(貓抓板 磨爪 貓抓窩 瓦楞紙 寵物用品 貓咪玩具 貓奴 貓薄荷),$151(售價已折)
寵物狗狗玩具巨大網球十倍快樂球-附打氣筒(寵物球 寵物互動 寵物玩具 寵物用品 寵物訓練),$351(售價已折)
【DR.Cat】超活力彈跳滿分逗貓仿真魚貓玩具F001(寵物用品 逗貓 寵物玩具 貓玩具),$409(售價已折)
【YOUPICK】貓狗寵物電子秤 20kg UC0105(寵物用品 幼寵電子秤 體重秤),$926(售價已折)
【寵物用品】寵物尿布 母狗 XXS號 10片(14-28cm),$159
【LEZUN】貓咪貓抓板 大型貓抓墊 貓咪玩具(吊床 貓抓板 寵物用品 貓咪玩具),$699
寵物隨行杯-粉(飲水瓶 飲水器 喝水器 餵水器 寵物水壺 寵物外出 寵物用品),$286(售價已折)
【寵物夢工廠】伸縮釣竿逗貓棒 五款替換頭(超值組合 彩色羽毛 彈力杆 釣貓咪 寵物用品 寵物玩具),$215(售價已折)
反光透氣寵物背帶(遛狗 胸背☆ 牽引繩 外出背帶 寵物牽繩 寵物用品 透氣胸背帶 寵物外出用品),$212(售價已折)
【CLEAN 克林】瞇瞇喵 特大款劍麻貓抓墊 50*80cm(顏色隨機 磨爪 貓抓窩 貓床 天然 安全 寵物用品 貓咪玩具),$377(售價已折)
【ENJOY LIFE 樂享生活】造型旋轉貓薄荷球&木天蓼(貓零食/貓草/磨牙/潔牙棒/貓薄荷/寵物用品),$143(售價已折)
寵物磨牙玩具-2入(耐咬 狗狗玩具 狗狗牙刷 磨牙棒 潔齒 潔牙玩具 寵物用品),$245(售價已折)
【梳毛神器】寵物按摩梳(去浮毛梳子 寵物梳子 除毛刷 貓咪 寵物理毛器 寵物用品),$242
【PAWS FAMILIA 爪子本舖】寵物機能衝鋒衣-潑墨灰(寵物外出用品/寵物用品/寵物服飾/寵物雨衣/雨衣/衝鋒衣),$643(售價已折)
【衣物除塵】純銅手動去毛球刮毛器(清除刷 理毛梳 黏毛刷 梳毛刷 除毛器 除塵刷 寵物用品 黏毛器),$199
【WILL設計 + 寵物用品】經典時尚 PB款包(經典斑馬紋),"$1,238(售價已折)"
【寵物用品】寵物梳毛器(針梳 除毛刷 除毛梳 理毛梳 除廢毛 按摩梳 貓狗用品),$182(售價已折)
【寵物用品】壓克力爬蟲飼養盒 觀察箱(兩棲爬蟲箱 寵物箱),$166(售價已折)
【寵物愛家】寵物用品透氣手提肩背寵物太空包(寵物外出用品),$650(售價已折)
【貓咪吊床】AH-369 貓吊床_懸掛喵吊床(吸盤貓咪吊床 免吸盤貓窩 寵物用品 寵物吊床 窗邊貓掛床),$587(售價已折)
【寵物用品】除毛手套 右手(紫色/紅色),$129
【宜德居家】韓國毛髮收割器(貓毛 毛髮 清理器 地毯清潔 寵物用品 除塵刷 衣物 靜電刷 黏毛器),$315(售價已折)
【May shop】寵物用品折疊狗狗狗窩墊 露營行軍床 摺疊床 離地床,$808(售價已折)
【ENJOY LIFE 樂享生活】寵物潔牙指套濕紙巾(50片*5入 共150片 寵物用品 牙齒清潔 刷牙濕巾 貓狗清潔手套),$799(售價已折)
【Merryoung 瑪莉洋】寵齒立淨漱口水300ml/罐(寵物用品/貓狗護理/口腔清潔),$306(售價已折)
【寵物用品】寵物薄冰絲涼感墊寵物睡墊(藍色),$200(售價已折)
【PETA】LED發光伸縮寵物牽引繩(寵物用品狗繩狗鍊),$615(售價已折)
【May shop】寵物用品衣物掛架 圓木三角置物掛架,$637(售價已折)
【CLEAN 克林】瞇瞇喵 加大版劍麻貓抓墊 40*60cm(顏色隨機 磨爪 貓抓窩 貓床 天然 安全 寵物用品 貓咪玩具),$258(售價已折)
【DREAMCATCHER】寵物收納階梯 3層收納款(寵物階梯 摺疊收納梯 寵物用品 輔助樓梯 寵物梯 寵物窩),"$1,065(售價已折)"
【寵物夢工廠】L號 / 藍色點點保暖方窩 寵物床 狗保暖墊(舒適窩 寵物保暖窩 寵物用品),$307(售價已折)
【DR.Story】寵物用品寵愛必備安撫貓咪小手套(貓玩具 療癒小物 逗貓 逗貓棒),$384(售價已折)
【寵物愛家】寵物用品劍麻貓樹貓抓貓跳台玩具-魚底+跳台(貓跳台),$650(售價已折)
【May Shop】八角寵物圍籠狗狗戶外帳篷牛津布貓籠寵物用品圍欄,$577(售價已折)
【CLEAN 克林】瞇瞇喵 親親寶貝貓抓碗 小型 33*33*6cm(貓抓碗 貓抓板 磨爪 瓦楞紙 寵物用品 貓咪玩具 貓奴),$229(售價已折)
【典贊創意】外星寵順毛神器(貓針梳除毛梳寵物梳子去毛梳按摩梳寵物用品貓梳狗梳兔梳),$278(售價已折)
【毛孩好朋友】高質感T型貓隧道(貓隧道 貓咪隧道 T型隧道 兔子隧道 寵物隧道 貓玩具 寵物玩具 寵物用品),$439
【igo】雙子星餵食器+飲水機木架(實木製 寵物用品碗架 支架),"$1,615(售價已折)"
【Animali】寵物專用清新潔齒指套-50入(寵物用品 寵物牙齒清潔 刷牙 指套濕巾 貓狗用品),可訂購時通知我$320
【小美紀】遛狗便便器11Q(遛狗神器 溜狗 遛狗 便盆 狗便袋 犬便器 寵物用品),$962(售價已折)
【寵物夢工廠】可愛動物棉麻繩球(貓磨爪 逗貓玩具 熊貓造型 球玩具 寵物玩具 貓抓球 貓抓板 寵物用品),$307(售價已折)
【PET PARADISE】寵物用品-床 方形 時尚灰 M(寵物窩 寵物睡窩),"$2,009(售價已折)"
毛絨貝殼貓窩 AH-468(貓窩 狗窩 貓床 貓咪睡墊 軟窩 貓咪用品 寵物用品 小狗窩 四季貓墊 狗墊子),$484(售價已折)
【寵物愛家】寵物用品劍麻貓樹貓抓貓跳台玩具-魚底+跳台(貓跳台),$650(售價已折)
【寵物愛家】愛寵肥宅時尚系列飲水餵食2入組日常寵物用品(寵物餐碗),$887(售價已折)
【寵毛連線】寵物尿布墊-加厚款(尿墊 寵物用品),$469
【CLEAN 克林】瞇瞇喵 一起趣 貓抓碗 小型 33*33*6cm(貓抓板 磨爪 瓦楞紙 寵物用品 貓咪玩具 貓奴 貓薄荷),$229(售價已折)
【PAWS FAMILIA 爪子本舖】寵物清潔除毛針梳(寵物用品 寵物外出用品 寵物美容用品 除毛梳 針梳 貓狗),$441(售價已折)
魔術風琴貓抓板(貓窩 貓玩具 耐磨耐抓 寵物用品 寵物玩具 變形貓抓板 可折疊瓦楞紙),$257(售價已折)
【寵物用品】小鳥吊床遊戲窩(鳥窩S),$228(售價已折)
【PETA】寵物毛絨耐咬貓薄荷玩具-灰色皇冠恐龍(互動玩樂寵物用品貓玩具),$123(售價已折)
寵物漏食不倒翁玩具(漏食器 漏食玩具 慢食訓錬 寵物玩具 滾輪玩具 貓狗通用 寵物用品),$277(售價已折)
【Doggy Man】犬用玉米牛奶味磨牙骨2入 SS(寵物用品),$146(售價已折)
【點點喵】風琴貓抓板(寵物用品/貓咪用品/人寵互動/貓抓板/多種玩法/耐磨/耐抓),$261(售價已折)
【May Shop】八角寵物圍籠狗狗戶外帳篷牛津布貓籠寵物用品圍欄,$577(售價已折)
【寵物愛家】寵物用品劍麻貓樹貓抓貓跳台玩具-雙魚拚色(貓跳台),$650(售價已折)
【PETA】寵物用品貓咪自嗨解悶啃咬逗貓玩具球(鈴鐺彩色毛線球)3入,$230(售價已折)
【典贊創意】360度寵物旋轉順毛梳(旋轉針梳 寵物圓頭鋼絲梳 貓狗兔 按摩梳 寵物美容梳子 寵物用品),$178(售價已折)
【寵物用品】兔耳溫暖舒適倉鼠窩1入(防風 刺蝟 保暖窩 躲避屋 蜜袋鼯 天竺鼠 黃金鼠 倉鼠棉窩 小動物保暖),$224
【CattyMan】貓用按摩梳理手套(寵物用品),$202(售價已折)
【Doggy Man】犬用每日潔牙棉繩玩具環型 MINI(寵物用品),$76(售價已折)
【K&H PET】美國K&H品牌寵物透氣舒適彈簧床(寵物床 寵物墊 寵物 貓 狗 彈簧墊 彈簧床 寵物用品),"可訂購時通知我$1,143(售價已折)"
骨頭造型寵物雙碗(貓碗 狗碗 寵物碗 飼料碗 餵食碗 造型碗 寵物用品 寵物食盆),$183(售價已折)
【寵物用品】兩棲爬寵躲避盒17x12x7.5cm(爬蟲 守宮盒 水盆 餵食盆 躲藏穴 飼養箱 造景擺飾 蜥蜴/蛇/角蛙),$269
【寵物用品】爬蟲磨甲石板10x10cm(爬蟲/陸龜/蘇卡達/蜥蜴/守宮/蠍子),$215
【木酢達人】臭臭退散-寵物用品消臭抑菌噴霧 55g,$108(售價已折)
【寵物餵食】貓爪造型罐頭蓋+勺子(罐頭勺 攪拌勺 罐頭勺 餵食勺 密封蓋 保鮮蓋 寵物用品),$199
【典贊創意】寵物可拆洗半封閉四季窩(附暖墊羊毛氈寵物窩貓窩狗窩四季通用保暖貓狗兔龍貓寵物用品),$235(售價已折)
【寵愛寵物】寵物脫毛梳子貝殼梳(貓 狗 兔 寵物梳 除毛梳 去毛梳 寵物理毛 寵物用品 寵物美容),$179
【寵物用品】寵物尿布 母狗10片 XS號(20-40cm),$169
【PETA】3入 劍麻球貓咪玩具球 逗貓遛貓玩具(貓抓球寵物用品),$168(售價已折)
【PETA】4入 彩色彈簧貓玩具(逗貓塑料彈簧貓咪玩具寵物用品),$153(售價已折)
寵物自動伸縮牽引繩(寵物牽繩 狗牽繩 伸縮狗繩 伸縮繩 溜狗繩 寵物用品 大型犬 小狗),$269(售價已折)
【ENJOY LIFE 樂享生活】寵物指套牙刷組(貓狗指尖刷 矽膠牙刷 牙齒清潔除臭 口腔清潔 寵物用品),$59
【寵物用品】口袋式寵物吸水毛巾(親膚 快乾 搓澡巾 洗澡球 手套毛巾 寵物洗澡 寵物浴巾 寵物毛巾),$197
【Merryoung 瑪莉洋】寵齒立淨潔牙凝膠7ml/瓶(寵物用品/貓狗清潔/寵物潔牙),$288(售價已折)
【寵物用品】小鳥吊床遊戲窩(鳥窩M),$273(售價已折)
寵物外出帆布包(便攜式寵物手提包 透氣貓包寵物用品 貓玩具 貓咪外出),$409(售價已折)
【CattyMan】貓用極樂木天蓼魚型玩具-湖水藍(寵物用品),$90(售價已折)
【寵物夢工廠】絨毛鈴鐺彈力杆逗貓棒3入(貓玩具/羽毛/逗貓/寵物用品),$150(售價已折)
【ENJOY LIFE 樂享生活】旋轉貓薄荷球&木天蓼(貓零食/貓草/磨牙/潔牙棒/貓薄荷/寵物用品),$99
【寵物用品】寵物潔牙牙刷加厚款-3入組(口腔護理 寵物潔牙 指套牙刷 牙齒清潔 寵物牙刷 矽膠 無毒 禮物),$179
【ENJOY LIFE 樂享生活】時尚寵物自動牽引繩-8M(多色任選/寵物牽繩/伸縮牽繩/寵物拉繩/寵物用品/貓狗用品),$366(售價已折)
【寵物愛家】經典白色陶瓷碗+棉繩玩具(寵物用品),$332(售價已折)
二合一寵物外出飼料隨行杯(飲水杯 飲水器 餵食器 狗狗水壺 寵物水壺 寵物外出 寵物用品),$250(售價已折)
【寵物用品】寵物指甲剪/大號23*9cm(寵物用品/多種顏色可選),$157(售價已折)
【PETA】寵物毛絨耐咬貓薄荷玩具-綠色眼鏡蛇(互動玩樂寵物用品貓玩具),$123(售價已折)
【PETA】甜甜圈寵物玩具 奶油麵包圈(可愛狗狗貓貓發聲毛絨玩具 寵物用品),$137(售價已折)
【美味食】荷包蛋造型寵物碗(貓碗 狗碗 喝水碗 餵食碗 飼料碗 造型碗 糧食盆 寵物用品),$215
【寵物用品】仙人掌造型寵物矽膠梳毛刷(貓梳 狗梳 梳毛梳 按摩梳 寵物梳 寵物梳毛 寵物洗澡 寵物美容),$182(售價已折)
【ENJOY LIFE 樂享生活】寵物磨牙互動玩具(逗貓玩偶/貓狗互動/耐咬玩具/寵物用品),$159
【ROYALLIN 蘿林嚴選】8米自動伸縮狗鍊內附垃圾袋(寵物牽繩 牽引繩 寵物 貓 狗 牽繩 寵物用品),$544(售價已折)
【寵毛連線】植物豆腐貓砂-6L(除臭貓沙 寵物用品),$333
【JOEKI】寵物雨衣-尺寸8XL-CW0059(寵物外出 寵物用品 狗雨衣 中大型犬用),$282(售價已折)
【賀拉HORLA生活家居】睡新寵實貓咪吊床中型寵物窩寵物床四季通用寵物用品(貓床 狗床 寵物床寵物睡覺神器),$277(售價已折)
【典贊創意】寵物可拆洗半封閉四季窩(附暖墊羊毛氈寵物窩貓窩狗窩四季通用保暖貓狗兔龍貓寵物用品),$491(售價已折)
【Merryoung 瑪莉洋】碗晶晶-寵物專用無香洗碗精300ml 罐(寵物用品/環境清潔/寵物洗碗精),$252(售價已折)
【Doggy Man】犬用肉骨頭彩繪橡膠止滑碗-粉紅色 S(寵物用品),$211(售價已折)
【Doggy Man】犬用凹凸慢食止滑碗-M(寵物用品),$429(售價已折)
【Jo Go Wu】魔術風琴貓抓板1入(變形貓抓板/貓抓盆/貓爪床/磨爪器/寵物用品/貓抓窩),$253(售價已折)
【ENJOY LIFE 樂享生活】寵物自動牽引繩-3M(多色任選/寵物牽繩/伸縮牽繩/寵物拉繩/寵物用品/貓狗用品),$241(售價已折)
【寵物用品】吊床鞦韆遊戲小鳥窩(鳥吊床Ｍ),$250(售價已折)
【除除毛】雙面衣物毛球清除刷(理毛梳 黏毛刷 梳毛刷 除毛器 除塵刷 去毛球 衣物除塵 寵物用品 黏毛器),$170
【寵物用品】冬季保暖三角小鳥窩帳篷(鳥窩帳篷S),$296(售價已折)
寵物涼墊/咖啡色/L號70*55cm(寵物用品),$343(售價已折)
寵物涼墊/咖啡色/XL號100*70cm(寵物用品),$433(售價已折)
【寵物用品】寵物尿布 公狗12片 M號(28-42cm),$239
【寵毛連線】伸縮牽引繩-3M(狗牽繩 寵物用品),$307(售價已折)
【Doggy Man】犬用自然素材棉質潔牙四向拉索玩具-M(寵物用品),$137(售價已折)
【CattyMan】貓用懸掛式自動逗貓玩具-花朵(寵物用品),$107(售價已折)
【金德恩】台灣製造 LIXIT寵物用品飼料點心遊戲容器雞蛋球,$438(售價已折)
【金德恩】美國製造 LIXIT寵物用品鳥鼠兔類棉花球遊戲窩,$356(售價已折)
【寵物用品】不鏽鋼寵物直排梳(寵物梳 美容梳 除毛梳 按摩梳 寵物美容 寵物理毛 寵物用品),$249
【WILL設計+寵物用品】推車專用杯架(質感黑),$430(售價已折)
【Jo Go Wu】魔術風琴貓抓板/變形貓抓板+附寵物清潔梳(寵物按摩梳/貓抓盆/貓爪床/磨爪器/寵物用品/貓抓窩),$337(售價已折)
【巴芙洛】加大加寬木製免打孔懸掛式支架加寬寵物貓吊床/4色可選(調節式貓掛床/貓吊床/貓窩/寵物用品/貓床),$550(售價已折)
【MODODO 摸肚肚】磨牙玩具編織骨頭(狗玩具 磨牙玩具 骨頭玩具 編織玩具 寵物用品 耐磨 耐咬),$199
【CB寵物市集】慢食碗(寵物慢食碗 寵物碗 狗碗 防噎碗 狗狗碗 減肥碗 寵物 寵物用品 寵物餐碗 外出碗),$180
【CLEAN 克林】瞇瞇喵 標準型劍麻貓抓墊 30*40cm(顏色隨機 磨爪 貓抓窩 貓床 天然 安全 寵物用品 貓咪玩具),$205(售價已折)
【小米】米家 牠醫生智慧新風除臭貓廁所 套裝(殺菌除臭 寵物用品 貓砂盆 小米生態鏈),"可訂購時通知我$3,102(售價已折)"
狗狗背心式牽引繩/L號/胸圍42-56cm(寵物用品/多種顏色可選),$132(售價已折)
【AOYI奧藝】貓臉造型寵物密封罐頭蓋+多功能罐頭勺(寵物用品 貓狗罐頭蓋 貓狗罐頭勺),$243(售價已折)
【WILL設計+寵物用品】全新黑網超透氣系列(經典斑馬紋),"$1,152(售價已折)"
【寵毛連線】貓造型寵物護頸碗 雙碗(貓碗 狗碗 寵物用品),$230(售價已折)
【寵物愛家】愛寵肥宅時尚系列飲水餵食2入組日常寵物用品(寵物餐碗),$887(售價已折)
【鏟屎神器】雙色貓砂鏟-二入組(貓咪 喵星人 鏟屎官 豆腐砂 寵物清理 寵物用品 收納方便),$197
【木酢達人】寵物用品全效洗潔劑 490g±2% （DA-14）(寵物用品清潔),$362(售價已折)
懸掛式不鏽鋼寵物碗/S(4.5*13cm/寵物用品/多種顏色可選),$217(售價已折)
摺疊矽膠狗碗350ml(寵物用品/多種顏色可選),$102(售價已折)
攜帶式寵物水壺350ml(寵物用品/多種顏色可選),$253(售價已折)
飼料鏟2入(寵物用品/顏色隨機),$122(售價已折)
【Doggy Man】犬用馬卡龍彩繪橡膠止滑碗-紅棕色 SS(寵物用品),$168(售價已折)
【Doggy Man】犬貓用簡約生活濕紙巾30枚-耳周清潔(寵物用品),$182(售價已折)
【瑪莉洋】犬貓用專業潔耳液60g(寵物用品/貓狗清潔/寵物潔耳),$162(售價已折)
狗狗背心式牽引繩XL號/胸圍46-61cm(寵物用品/多種顏色可選),$146(售價已折)
【寵物用品】寵物尿布 公狗12片 XL號(54-66cm),$223(售價已折)
【食品保存】可愛貓爪造型罐頭蓋-2入(密封蓋 保鮮蓋 寵物罐頭 寵物用品),$269
可折疊S形貓貓隧道(貓隧道 可摺疊 貓通道 折疊響紙隧道 寵物用品 寵物玩具 S形隧道),$376(售價已折)
【CattyMan】貓用超密度除蚤順毛針梳(寵物用品),$283(售價已折)
【Doggy Man】犬用益智橡膠玩具-紅色啞鈴S(寵物用品),$207(售價已折)
【Doggy Man】犬用自然素材棉質潔牙拉索玩具-MINI(寵物用品),$74(售價已折)
【Doggy Man】犬用天然棉質長結繩潔牙遊戲-L(寵物用品),$207(售價已折)
【Doggy Man】犬用每日潔牙棉繩玩具環形 SS(寵物用品),$78(售價已折)
【CattyMan】貓用懸掛式自動逗貓玩具-蝴蝶(寵物用品),$112(售價已折)
【CattyMan】伸縮活動雙節棍逗貓棒-華爾滋白球(寵物用品),$114(售價已折)
【金德恩】LIXIT寵物用品鸚鵡鳥類爬蟲貓狗遊戲保濕噴霧瓶240cc(噴霧器/寵物專用/台灣製造),$266(售價已折)
【金德恩】LIXIT寵物用品犬類牽引尼龍繩隨機色,$913(售價已折)
【金德恩】比利時製造 LIXIT寵物用品小型寵物休憩遊戲窩,$584(售價已折)
【金德恩】美國製造 LIXIT寵物用品鳥鼠兔類棉布墊遊戲窩,$356(售價已折)
【金德恩】美國製造 LIXIT寵物用品鼠兔類囓齒磨牙潔牙木塊,$342(售價已折)
【ENJOY LIFE 樂享生活】造型款旋轉貓薄荷球(貓零食/貓草/磨牙/潔牙棒/木天蓼/寵物用品),$109
【寵毛連線】貓造型寵物護頸碗 單碗(貓碗 狗碗 寵物用品),$204(售價已折)
【May shop】洋芋片藏食益智狗狗玩具發聲磨牙耐咬嗅聞寵物用品(寵物紓壓解悶),$261(售價已折)
【OKAWA】寵物眼睛濕巾 2罐(共200抽 去眼垢髒汙 貓狗寵物清潔 寵物濕巾 寵物眼部異物清潔 寵物用品),$306(售價已折)
AH-369 貓吊床_懸掛喵吊床(吸盤貓咪吊床 免吸盤貓窩 寵物用品 寵物吊床 窗邊貓掛床),$587(售價已折)
貓抓床 寵物床 貓狗用品 立式恐龍款貓爬架(貓抓板 貓爪床 磨爪器 寵物用品 磨爪神器 貓玩具),$777(售價已折)
【寵物夢工廠】超值2入組 / 日式寵物三角巾 口水巾 圍脖 寵物領巾(寵物用品 釦式三角巾 寵物裝扮),$180(售價已折)
【木酢達人】臭臭退散寵物用品除臭抑菌噴霧200ml,$292(售價已折)
【毛孩必備】寵物安心扣(寵物安全帶 寵物牽繩 帶 牽引繩 狗牽繩 繩 貓咪牽繩 寵物用品),$377(售價已折)
【May shop】寵物用品折疊狗狗狗窩墊 露營行軍床 摺疊床 離地床,$808(售價已折)
【LOGIN】洛格手提式環保可降解拾便袋(寵物用品),$350
【寵物夢工廠】M號 / 藍色點點保暖方窩 寵物床 狗保暖墊(舒適窩 寵物保暖窩 寵物用品),$246(售價已折)
【PAWS FAMILIA 爪子本舖】蝸牛自動飲水機(寵物用品/寵物飲水機/自動飲水機/飲水機/貓狗用品/寵物家用品),$598(售價已折)
【igo】行星餵食器+飲水機木架(實木製 寵物用品碗架 支架),"$1,541(售價已折)"
【Pet Universe 多寵宇宙】口腔清潔指套(65入/袋 潔牙指套 指套牙刷 寵物刷牙指套 清牙垢指套 寵物用品),$289
【毛孩好朋友】高質感直筒型貓隧道(貓隧道 貓咪隧道 直筒隧道 兔子隧道 寵物隧道 貓玩具 寵物用品),$399
寵物按鈴器 AH-419(叫餐鈴 寵物訓練鈴 按鈴器 玩具鈴 腳印按鈴器 貓狗寵物用品 訓練器 智力玩具),$129(售價已折)
炫光照明寵物牽引繩-3米(伸縮繩 溜狗繩 外出繩 寵物牽繩 寵物外出 寵物用品 自動牽引繩),可訂購時通知我$409(售價已折)
【LOGIN】洛格生物降解拾便袋 盒/64捲(寵物用品),"$2,240"
【Pet Universe 多寵宇宙】寵物清潔乾溼分離手套(8入/袋 寵物用品 寵物美容手套 去浮毛 寵物洗澡 寵物濕巾),$519
【ENJOY LIFE 樂享生活】時尚寵物自動牽引繩-3M(多色任選/寵物牽繩/伸縮牽繩/寵物拉繩/寵物用品/貓狗用品),$270(售價已折)
【YOUPICK】寵物貝殼梳 寵物去毛梳 UC0172(按摩梳 寵物用品 寵物梳子),$148(售價已折)
【ENJOY LIFE 樂享生活】寵物發聲互動玩具(逗貓玩偶/貓狗互動/耐咬玩具/寵物用品),$129
懸掛式不鏽鋼寵物碗/L(5*15.5cm/寵物用品/多種顏色可選),$223(售價已折)
【木酢達人】臭臭退散-寵物用品消臭抑菌噴霧 175g,$318(售價已折)
【金德恩】寵物用品清潔工具收納籃組 美國製造 LIXIT,$891(售價已折)
【寵物用品】吊床鞦韆遊戲鳥窩(鳥吊床L),$296(售價已折)
【寵物用品】冬季保暖三角小鳥窩帳篷(鳥窩帳篷L),$334(售價已折)
【PETA】寵物毛絨耐咬貓薄荷玩具-白雞(互動玩樂寵物用品貓玩具),$153(售價已折)
寵物涼墊/咖啡色/M號62*50cm(寵物用品),$228(售價已折)
【寵物用品】寵物尿布 公狗12片 L號(40-52cm),$259
【PETA】狗繩結玩具寵物用品造型寵物棉繩編織胡蘿蔔狗玩具(棉繩編織胡蘿蔔狗玩具)3入 ,$191(售價已折)
【萌你一整天】貓咪造型開罐器-2入(貓掌 開罐器 貓掌開罐器 貓咪造型 開罐 勺子 勺 矽膠 寵物用品),$322
【Doggy Man】犬用網狀橄欖球型橡膠玩具-S(寵物用品),$179(售價已折)
【Doggy Man】犬用牛革互動潔齒玩具-鱷魚(寵物用品),$166(售價已折)
【Doggy Man】犬用自然素材棉質潔牙遊戲球-S(寵物用品),$73(售價已折)
【Doggy Man】犬用自然素材棉質潔牙遊戲球-M(寵物用品),$118(售價已折)
【Doggy Man】犬用自然素材棉質潔牙遊戲球-L(寵物用品),$192(售價已折)
【CattyMan】親密貓踩踩 小虎(寵物用品),$182(售價已折)
【Doggy Man】犬用自然素材棉質潔牙四向拉索玩具-S(寵物用品),$112(售價已折)
【CattyMan】伸縮活動雙節棍逗貓棒-探戈老鼠(寵物用品),$173(售價已折)
【金德恩】比利時製造 LIXIT寵物用品遊戲吊床線型寵物半月籠,$593(售價已折)
【金德恩】美國製造 LIXIT寵物用品鼠兔類囓齒磨牙潔牙木棒,$342(售價已折)
【金德恩】比利時製造 LIXIT寵物用品小型寵物休憩遊戲兩用沙浴盆,$731(售價已折)
【金德恩】美國製造 LIXIT寵物用品礦輪鹽輪啃咬石(零食/保健/補即),$369(售價已折)
【寵物夢工廠】小星星羽毛逗貓棒2支入(貓咪玩具 彈簧逗貓棒 貓主子 貓奴必備 寵物用品 逗貓 寵物玩具),$153(售價已折)
【寵物夢工廠】超大厚實保暖寵物窩(主人必敗/寵物保暖窩/狗窩/貓窩/寵物用品),$538(售價已折)
【CSmart+】寵物用品 3公尺LED流光牽引繩(發光牽繩),"$1,025(售價已折)"
【ENJOY LIFE 樂享生活】貓薄荷麻布魚-三件組(貓草 逗貓抱枕 貓玩具 寵物用品),$215(售價已折)
【美好寵商】DOGNESS多尼斯 M號項圈+牽繩-LED彩光系列組合(寵物用品推薦 寵物發光項圈 LED項圈 發光牽繩),"$1,485"
【巴芙洛】木製免打孔懸掛式寵物貓吊床/4色可選(調節式貓掛床/貓吊床/貓窩/寵物用品/貓床),$762(售價已折)
【OKAWA】寵物眼睛濕巾 4罐(400抽 去眼垢 髒汙 貓狗寵物清潔 寵物濕巾 寵物眼部異物清潔 寵物用品),$385(售價已折)
【May shop】八角寵物圍籠狗狗戶外帳篷牛津布貓籠寵物用品圍欄,$577(售價已折)
拱門貓咪蹭毛器 AH-226(貓咪抓癢器 蹭毛梳 蹭毛刷 自助蹭毛器 貓抓 喵星人 貓玩具 寵物用品),$309(售價已折)
【寵物夢工廠】S號 / 藍色點點保暖方窩 寵物床 狗保暖墊(舒適窩 寵物保暖窩 寵物用品),$192(售價已折)
【寵毛連線】懸掛式寵物碗-大號(貓碗 狗碗 寵物用品),$230(售價已折)
【FRANCODEX法國法典】綠野防水除蟲頸圈-貓小於2kg〈 35cm/條〉-3入組(寵物用品),$660
【CLEAN 克林】瞇瞇喵 一起趣 貓抓碗 中型 36.5*36.5*10cm(貓抓板 磨爪 瓦楞紙 寵物用品 貓咪玩具 貓薄荷),$319(售價已折)
【美好寵商】DOGNESS多尼斯 小貓套裝(貓咪用品 戶外用品 寵物用品 可調節),$580
【ENJOY LIFE 樂享生活】旋轉風車貓漏食玩具(多色任選 磨牙器 逗貓 蹭癢 貓用品 寵物用品 寵物潔牙),$269(售價已折)
【PET PARADISE】寵物用品-床 方形 時尚灰 S(寵物窩 寵物睡窩),"$1,623(售價已折)"
【寵物愛家】寵物用品透氣手提肩背寵物太空包(寵物外出用品),$650(售價已折)
【美好寵商】DOGNESS多尼斯 迷彩系列牽引繩_M號(牽引繩 狗狗牽繩 寵物用品),$550
【AOYI奧藝】四季通用蛋塔寵物窩 貓狗通用(寵物用品 軟墊貓窩狗窩 保暖貓窩可拆洗寵物床),$434(售價已折)
【寵毛連線】寵物洗澡按摩刷(洗澡刷 寵物用品),$149(售價已折)
【Pet Universe 多寵宇宙】拋棄式戶外狗便鏟(10入/袋 狗便鏟 狗便袋 鏟屎袋 拋棄式鏟便器 拾便器 寵物用品),$369
【金德恩】美國製造 LIXIT寵物用品鳥鼠兔類棉布墊遊戲窩,$356(售價已折)
【OKAWA】轉轉風車逗貓神器(益智 紓壓 磨牙 磨爪 潔齒 寵物用品 玩具 貓薄荷 訓練 逗貓棒 轉轉樂),$225(售價已折)
寵物涼墊/ 咖啡色/S號50*40cm(寵物用品),可訂購時通知我$195(售價已折)
鹿角造型狗狗磨牙玩具(磨牙棒 耐啃咬 潔牙骨 狗牙刷 牙結石 益智 狗玩具 寵物用品),可訂購時通知我$195(售價已折)
【寵物夢工廠】蛋黃造型寵物碗 可愛荷包蛋碗(單蛋黃碗 寵物碗 寵物用品 貓碗 狗碗 水碗 蛋黃單碗),$153(售價已折)
【寵物愛家】經典白色陶瓷碗+棉繩玩具(寵物用品),$332(售價已折)
【Avender 阿凡達】環境除臭抑菌劑-犬貓用 小蒼蘭味 250ml(便尿除臭 貓砂除臭 寵物用品清潔),$475
【CSmart+】寵物用品 5公尺LED流光牽引繩(發光牽繩),$811(售價已折)
【AOYI奧藝】寵物甜甜圈造型薰香4入(貓砂盆除臭/寵物用品芳香),$210(售價已折)
【寵毛連線】懸掛式寵物碗-小號(貓碗 狗碗 寵物用品),$222(售價已折)
【瑪莉洋】寵齒立淨漱口水300mlx2罐(寵物用品/貓狗護理/口腔清潔),$576(售價已折)
【Francodex】綠野防水除蟲頸圈-貓大於2kg 〈35cm/條〉-3入組(寵物用品),$780
【美好寵商】DOGNESS多尼斯 抗震系列牽引繩_L號(寵物用品 彈力牽繩 寵物外出牽繩),$600
【美好寵商】DOGNESS多尼斯 迷彩系列牽引繩_S號(牽引繩 狗狗牽繩 寵物用品),$397
【HALife】寵物雙色毛氈隧道玩具(毛氈 貓隧道 寵物用品 貓玩具 起司),$384(售價已折)
【典贊創意】天然原木潔齒玩具(狗狗磨牙啃咬健齒玩具 耐磨狗玩具 磨牙玩具 啃咬玩具 狗狗玩具 寵物用品),$916(售價已折)
【AOYI奧藝】寵物戶外玩具球 狗狗飛盤玩具球(寵物用品 狗狗戶外訓練 寵物水上互動玩具 狗狗磨牙拉扯玩具),$347(售價已折)
【寵毛連線】寵物梳毛手套(寵物用品),$212(售價已折)
【寵物夢工廠】牛仔褲折疊貓隧道 貓隧道 貓窩 貓洞 貓樂園 貓玩耍 貓奴必備(寵物用品 貓舒壓 貓屋 毛小孩),$500(售價已折)
【寵物夢工廠】超值3入 / 寵物牙齒啾啾球 軟性 給寵物抗憂鬱玩具吧(寵物玩具 寵物用品 寵物 貓狗毛小孩),$180(售價已折)
【PET PARADISE】寵物用品-頭巾 和風 紅(寵物衣 貓咪衣服),$590(售價已折)
【K&H PET】美國貓咪不銹鋼雙碗盆(寵物食盆 寵物用品 寵物 貓 狗 雙碗 不鏽鋼),$551(售價已折)
【木酢達人】寵物用品除臭抑菌噴霧 175g±2%-2入組(DA-13),$665(售價已折)
【瑪莉洋】碗晶晶-寵物專用無香洗碗精300mlx2罐(寵物用品/環境清潔/寵物洗碗精),$504(售價已折)
【美好寵商】DOGNESS多尼斯 LED彩光系列牽引繩(發光牽繩 寵物用品 USB充電),$930
【美好寵商】Petsville派思維 指尖律動逗貓繩(寵物玩具 寵物用品 貓用品 貓玩具 逗貓繩),$650
【美好寵商】Skipdawg 網球套裝_4顆裝(狗玩具 戲水玩具 寵物用品),$450
【Jo Go Wu】魔術風琴貓抓板/變形貓抓板2入(貓抓盆/貓爪床/磨爪器/寵物用品/貓抓窩),$381(售價已折)
【LOGIN】洛格手提式環保可降解拾便袋2入(寵物用品),$650
【PET PARADISE】寵物用品-外出提包 牛仔藍灰(寵物包 寵物提袋),"$3,239(售價已折)"
【PET PARADISE】寵物用品-伸縮牽繩 迷彩藍 S(寵物牽繩/伸縮牽繩/寵物拉繩),"$1,107(售價已折)"
【May shop】洋芋片藏食益智狗狗玩具發聲磨牙耐咬嗅聞寵物用品(寵物出遊必備),$278(售價已折)
【寵毛連線】寵物尿布墊-經濟款(尿墊 寵物用品),$413
【金德恩】台灣製造 LIXIT寵物用品飼料點心遊戲容器雞蛋球,$438(售價已折)
【金德恩】比利時製造 LIXIT寵物用品小型寵物休憩遊戲兩用沙浴盆,$731(售價已折)
【金德恩】美國製造 LIXIT寵物用品鳥鼠兔類棉花球遊戲窩,$356(售價已折)
【金德恩】LIXIT寵物用品鸚鵡鳥類爬蟲貓狗遊戲保濕噴霧瓶240cc(噴霧器/寵物專用/台灣製造),$266(售價已折)
【JOEKI】大尺寸深度睡眠寵物窩-CW0013(寵物窩 寵物床 貓窩 狗窩 防滑床墊 寵物用品),$441(售價已折)
【Invni Life 發明家生活】智能UV殺菌包〈馬卡灰 / 香檳粉 〉(寵物用品/玩具適用),"$1,573(售價已折)"
【ALucky 愛樂奇】寵物外出透氣雙肩豪華太空包(寵物太空包 外出包 寵物包 寵物用品 透明寵物包),$839(售價已折)
【Doggy Man】犬用每日潔牙棉繩玩具棒型 SS(寵物用品),可訂購時通知我$73(售價已折)
【寵物夢工廠】貓掌逗貓棒2支入(貓玩具 貓掌造型逗貓棒 寵物用品 寵物玩具),$200(售價已折)
【木酢達人】寵物用品全效洗潔劑 490g±2%-2入組 （DA-14）(寵物用品清潔),$757(售價已折)
【PET PARADISE】寵物用品-變身頭套 豹(3S / S),$656(售價已折)
【PET PARADISE】寵物用品-變身頭套 大麥町(3S / S),$656(售價已折)
【PET PARADISE】寵物用品-變身頭套 馴鹿(3S / S),$656(售價已折)
【寵毛連線】寵物指套牙刷-5入(寵物用品),$212(售價已折)
【金德恩】寵物用品清潔工具收納籃組 美國製造 LIXIT,$891(售價已折)
【瑪莉洋】寵齒立淨潔牙凝膠7mlx2瓶(寵物用品/貓狗清潔/寵物潔牙),$540(售價已折)
【瑪莉洋】犬貓用專業潔耳液60gx3罐(寵物用品/貓狗清潔/寵物潔耳),$486(售價已折)
【AquaX愛酷氏】寵物用品抑菌清潔500ml,$663(售價已折)
【美好寵商】DOGNESS多尼斯 抗震系列牽引繩_M號(寵物用品 彈力牽繩 寵物外出牽繩),$500
【Jo Go Wu】魔術風琴貓抓板/變形貓抓板+附逗貓棒(貓抓盆/貓爪床/磨爪器/寵物用品/貓抓窩),$327(售價已折)
【美好寵商】DOGNESS多尼斯 S號項圈+牽繩-LED彩光系列組合(寵物用品推薦 寵物發光項圈 LED項圈 發光牽繩),"$1,445"
【美好寵商】DOGNESS多尼斯 XS號項圈+牽繩-LED彩光系列組合(寵物用品推薦 寵物發光項圈 LED項圈 發光牽繩),"$1,400"
【HALife】寵物貓咪造型毛氈窩(毛氈貓窩 寵物窩 冬季寵物用品),$738(售價已折)
【LOGIN】洛格手提式環保可降解拾便袋3入(寵物用品),$900
【PET PARADISE】寵物用品 屋床 草莓 M 遠紅外線(寵物窩 寵物睡窩),"$2,132(售價已折)"
【PET PARADISE】寵物用品 屋床 草莓 L 遠紅外線(寵物窩 寵物睡窩),"$2,501(售價已折)"
【PET PARADISE】寵物用品-外出提包 荷葉邊蝴蝶結(寵物包 寵物提袋),"$3,649(售價已折)"
【Animali】寵物專用眼垢清潔片-200片(眼垢髒汙 貓狗寵物清潔 寵物濕巾 寵物清潔 寵物用品 眼部清潔),$488
【金德恩】美國製造 LIXIT寵物用品囓齒類磨嘴潔牙啃咬石,$498(售價已折)
【金德恩】美國製造 LIXIT寵物用品礦輪鹽輪啃咬石,$369(售價已折)
【金德恩】美國製造 LIXIT寵物用品鼠兔類囓齒磨牙潔牙木塊,$342(售價已折)
【金德恩】美國製造 LIXIT寵物用品鼠兔類囓齒磨牙潔牙木棒,$342(售價已折)
【金德恩】比利時製造 LIXIT寵物用品遊戲吊床線型寵物半月籠,$593(售價已折)
【金德恩】比利時製造 LIXIT寵物用品小型寵物休憩遊戲窩,$584(售價已折)
【金德恩】LIXIT寵物用品犬類牽引尼龍繩隨機色,$913(售價已折)
【Doggy Man】犬用每日潔牙棉繩玩具環形 S(寵物用品),可訂購時通知我$128(售價已折)
【ODOUT 臭味滾】寵物抑菌濕紙巾50抽-6入(寵物全身/用品/環境皆可使用),$409
【ODOUT 臭味滾】寵物抑菌濕紙巾50抽-12入(寵物全身/用品/環境皆可使用),$799(售價已折)
【寵物夢工廠】優雅別墅三層貓籠(貓屋 貓籠 大空間 貓跳台 寵物籠 閣樓式貓籠 貓用品),"$1,753(售價已折)"
【彬彬小舖】新一代『四輪-寵物手推車』一鍵折疊 狗推車 出行用品 寵物推車 外出包 狗籠 提籠 寵物,"$1,475(售價已折)"
【電解次氯酸水製造機】KY多功能家用消毒水機(居家 浴廚 寵物 車用 寶寶用品 次氯酸水 消毒殺菌),$608
【ODOUT 臭味滾】寵物抑菌濕紙巾50抽-3入(寵物全身/用品/環境皆可使用),$210
【寵物夢工廠】獨享別墅四層貓籠(貓屋 貓籠 大空間 貓跳台 寵物籠 鋼絲烤漆 閣樓式貓籠 貓用品),"$2,309(售價已折)"
【典贊創意】寵物電動磨甲機(貓狗鳥兔皆適用磨甲磨爪磨喙鸚鵡嘴喙爪子寵物指甲修剪打磨寵物美容用品),$309(售價已折)
【QUNDO 康朵】防蟑螂螞蟻噴劑 500ml-4入組(成分天然驅蟲 幼兒寵物免緊張),$999
【寵物愛家】寵物四面透氣手提單肩太空包寵物便利外出(寵物外出用品),"$1,020(售價已折)"
【秋文商號】電解水碗盤清潔液 HCS-002_500ml*1(碗盤清潔/寵物碗盤/蔬果清潔/嬰兒用品),$290
【AQUAFUN 水之樂】烏龜寵物爬蟲缸(長度45公分),"$1,395(售價已折)"
【MODODO 摸宇宙漫步胸背帶(寵物胸背帶 胸背帶 牽繩 胸背衣 外出用品 寵物服飾 寵物衣 寵物商品),$690
【Union汝欣】噢易洗 OEC 口腔衛生用品 潔齒液 120mL(寵物潔牙水),$220
【CS22】NOMO寵物爬蟲類加熱夜燈(夜間保溫/烏龜 蜥蜴 蛇),$281(售價已折)
【Josogo】寵物外出包(風扇+夜燈 寵物提籠 韓版手提包 單肩斜背包 手提太空艙貓籠 寵物外出用品),"$1,354(售價已折)"
【古德斯】寵物衝鋒衣(防風\防寒\防水\雨衣\雨具\秋冬\寵物外出用品),$409(售價已折)
【寵物愛家】夏季Q版卡通寵物降溫冰墊-M(寵物生活用品),$294(售價已折)
【ROYALLIN 蘿林嚴選】雙層大狗雨衣防寒戶外狗狗衝鋒雨衣(狗雨衣 寵物 雨衣 貓 狗 寵物外出用品 雨具),$431(售價已折)
【彬彬小舖】新一代『 三輪-寵物手推車 』一鍵折疊 狗貓推車(出行用品 寵物車 外出包 狗籠 提籠 寵物推車),"$1,399(售價已折)"
【上芳香業】紙紮。往生用品。九品 蓮花塔 九色 往生咒 靈堂(頭七 百日 對年 往生者 祖先 寵物),$702(售價已折)
【PAWS FAMILIA 爪子本舖】寵物自動伸縮牽引繩-3米(寵物伸縮牽繩/伸縮牽繩/牽繩/寵物外出用品),$322(售價已折)
加大寵物外出拉桿箱推車XL號(透氣大空間寵物推車貓包狗狗外出包寵物外出用品),"$2,070(售價已折)"
【彬彬小舖】Bello正品『三輪-寵物手推車』一鍵折疊 狗貓推車(出行用品 寵物車 外出包 狗籠 提籠 寵物推車),"$1,492(售價已折)"
汽車後座防水寵物車墊 600D高密度牛津布 雙層 耐磨 大型犬 中型犬(外出用品 寵物坐墊 車用坐墊),$971
小寵物 精緻項圈 SM皮革頸鍊(情趣.SM.情趣用品),$374(售價已折)
【pidan】手持軟膠逗貓棒 寵物 質感纖維彈性桿(貓玩具 貓遊戲用品),$250
【Besthot】高透明觀賞昆蟲寵物箱 中型(外出提箱 飼養箱 分開合養箱),可訂購時通知我$561(售價已折)
【彬彬小舖】Bello正品『四輪-寵物手推車』(一鍵折疊 狗推車 出行用品 寵物推車 外出包 狗籠 提籠 寵物),"$1,492(售價已折)"
【寵物愛家】新穎商品貓咪狗狗家用吹風機烘乾箱-M(寵物生活用品),$861(售價已折)
【白玉翡翠】北歐風衣物除毛器(黏毛器 除塵刷 靜電除毛 衣服 寵物毛 清潔用品 滾毛器 除毛球器),$299
【ENJOY LIFE 樂享生活】四合一多功能電動寵物剃毛器-11件組電剪 粉/白/綠(美容磨甲/貓狗用品/防水),$486(售價已折)
【上芳香業】紙紮。往生用品。迷你花園別墅紙紮屋附房契(往生者 祖先 寵物往生亦可適用),$431(售價已折)
【寵物愛家】掛籠平放式寵物飲水器寵物日常用品(寵物飲水器),$354(售價已折)
【QUNDO 康朵】防蟑螂螞蟻噴劑 500ml-2入組(成分天然驅蟲 幼兒寵物免緊張),$598
【PETA】寵物長條動物毛絨發聲玩具-灰象(狗狗卡通粉豬灰象寵物玩具用品),$117(售價已折)
【毛孩的秘密生活】太空艙寵物泡泡背包 六色可選(後背包/寵物包/雙肩背包/寵物外出用品),$427(售價已折)
【Francodex法國法典】小動物蟲蟲終結者-噴劑(寵物 老鼠 兔子 雪貂 趕走 跳蚤),$319(售價已折)
【SUNORO】寵物電動剃毛器 貓咪腳掌剃毛電剪 狗狗腳底毛修毛器(寵物電剪/貓狗用品),$439
【GEX】透視屋系列 小寵物絲綢浴砂 600g(寵物鼠 倉鼠 黃金鼠 便盆用),$136(售價已折)
【上芳香業】往生紙紮。擬真麻將組 往生紙紮 附封條 打牌 牌尺(頭七 百日 對年 往生者 先 寵物往生),$824(售價已折)
【pidan】貓狗專用濕紙巾-改版翻蓋款 80抽 超值3包入 寵物 環境 家庭款(寵物清潔護理用品),$270
【上芳香業】紙紮。往生用品。紙紮龍船 往生龍船 台幣版 美金版 冥鈔(頭七 百日 對年 往生者 先 寵物往生),"$1,500(售價已折)"
【BOBOS】M1動力寵物手推車 深灰/黑(出行用品/寵物車/外出包/狗籠/提籠/寵物推車),"$8,757(售價已折)"
【上芳香業】往生用品。靈骨塔。小蓮花 九朵 金條 手提資財袋(頭七 百日 對年 往生者 祖先 寵物往生適用),$299(售價已折)
【Kotobuki 壽工藝】HYDRA 3133 烏龜兩棲爬蟲玻璃寵物箱 M(日式缸 鬆獅蜥 守宮 蛇 310x304x330mm),"$2,362(售價已折)"
【YUNMI】雙頭逗貓棒 激光逗貓筆 逗貓棒 貓狗玩具 寵物玩具 貓咪用品,$367(售價已折)
【GEX】小動物柔軟白淨棉紙墊料1公斤 3包組(處女紙漿 白色 墊料 寵物鼠),$940(售價已折)
【寵物愛家】活力橙大容量貓犬外出雙肩背包寵物外出包(寵物外出用品),"$1,242(售價已折)"
【寵物夢工廠】抽屜式貓砂盆 貓砂盆 防噴濺貓砂(全封閉式貓砂盆 頂入式 防臭屎盆 貓廁所 貓砂 貓咪用品),$674(售價已折)
【KOJIMA】日本寵物護理用品 耳洗淨滴耳液(清耳護理液 潔耳液 植物萃取),$190
【Canary】Pet Best 小動物專用浴砂 500g(寵物鼠 蜜袋鼯 倉鼠 洗澡 砂浴 消臭),$129
【KOJIMA】日本寵物護理用品 潔牙美牙筆(清潔牙齒 去污除漬),$290
【CS22】NOMO寵物爬蟲類加熱夜燈(夜間保溫/烏龜 蜥蜴 蛇),$311(售價已折)
【Pet and Pets喵旺家族】Pebble寵物推車(寵物車 貓 狗 外出用品 耐用可愛),"$2,197(售價已折)"
【香濃寵物】雲上小鳥 松木雲朵站台(鸚鵡玩具、鳥用品、鸚鵡用品、啃咬玩具),$215
【Josogo】寵物外出籠 寵物提籠 貓咪側背包 手提太空艙貓籠 寵物外出用品(風扇+夜燈 24L大容量 擼貓口設計),"$2,459(售價已折)"
【YOYO 悠悠水族】爬蟲聚熱燈泡_50W(兩棲爬蟲、爬蟲用品、陸龜用品、鸚鵡用品、寵物保溫、陸龜保溫),$320
【YOYO 悠悠水族】撞針式寵物飲水器_四入組(鳥用品、鳥玩具、鸚鵡用品、鸚鵡玩具、滾珠水瓶),$599
【YOYO 悠悠水族】寵物鳥益智方塊_單入組(鳥用品、鳥玩具、鸚鵡用品、鸚鵡玩具),$249
【YOYO 悠悠水族】撞針式寵物飲水器_二入組(鳥用品、鳥玩具、鸚鵡用品、鸚鵡玩具、滾珠水瓶),$349
【卷貝貝生活館】寵物時尚雨鞋-S、M、L碼(寵物雨鞋 寵物防滑鞋 寵物外出用品 貓狗通用 雨天用品),$249
【pidan】貓狗專用濕紙巾-改版翻蓋款 80抽 超值6包入 寵物 環境 家庭款(寵物清潔護理用品),$380
【Kotobuki 壽工藝】HYDRA 4625 烏龜兩棲爬蟲寵物箱 L(日式缸 鬆獅蜥 守宮 蛇 461x461x250mm),"$4,139(售價已折)"
【PAWS FAMILIA 爪子本舖】寵物清潔除毛梳(寵物美容用品 針梳 按摩梳 脫毛梳 貓狗),$400(售價已折)
【卷貝貝生活館】圍欄寵物尿盆-小號(寵物廁所 寵物尿盆 狗廁所 拆分式水洗 狗用品 狗尿盆 寵物便盆),$457
【KOJIMA】寵物專用全身護理清潔用品(除臭、清潔、護理),$599
【e系列汽車用品】車用後座寵物墊 KC761-1(隔離網 後排防水墊 寵物後座 保潔墊),$650
【寵物愛家】寵物單肩斜背寵物外出透氣包(寵物外出用品),$887(售價已折)
【PETHROOM】寵物淋浴花灑 按摩刷頭 2.0(貓狗沐浴用品),$650
【寵物覺醒】鸚鵡玩具超值鸚鵡派對玩樂磨牙四件原色組＿3入(台灣/Tropical Planet/熱帶星球/鸚鵡用品/鳥),$499
【ENJOY LIFE 樂享生活】寵物潔牙指套濕紙巾 50枚(牙齒清潔濕巾 貓狗刷牙用品),$179
【YOYO 悠悠水族】寵物溫控加熱墊_7W(兩棲爬蟲、爬蟲用品、陸龜用品、鸚鵡用品、寵物保溫、陸龜保溫),$450
【寵物覺醒】鸚鵡玩具玉米墨魚骨磨牙石啃咬串＿10入(台灣/Tropical Planet/熱帶星球/鸚鵡用品/鳥),$499
【寵物覺醒】鸚鵡玩具天然墨魚骨磨牙石塊啃咬串_10入(台灣/Tropical Planet/熱帶星球/鸚鵡用品/鳥),$499
【美好寵商】DOGNESS多尼斯 反光系列胸背帶_S號(狗胸背 狗用品 寵物胸背),$550
貓咪引力叫叫球-小鳥聲(貓玩具 逗貓球 寵物球 寵物解悶 寵物玩具 貓咪用品 逗貓神器),$327(售價已折)
【Kotobuki 壽工藝】HYDRA 3120 烏龜兩棲爬蟲玻璃寵物箱 S(日式缸 鬆獅蜥 守宮 蛇 310x304x200mm),"$1,753(售價已折)"
【美好寵商】DOGNESS多尼斯 反光系列項圈_M號(狗項圈 狗用品 寵物項圈),$430
【卷貝貝生活館】圍欄寵物尿盆-大號(寵物廁所 寵物尿盆 狗廁所 拆分式水洗 狗用品 狗尿盆 寵物便盆),$537
【寵物夢工坊】兔子二合一草架(牧草架  兔子用品 彈簧草架 兔飼料架 防撥草 固定式 豚鼠 兔子碗),$499
【pidan】孔雀翎逗貓棒 寵物 精緻 時尚質感 高貴(貓玩具 貓遊戲用品),$550
【OXBOW】純紙漿舒適床墊36L-3包組(處女紙漿/白色/墊料/寵物鼠),"$1,113(售價已折)"
【Kotobuki 壽工藝】HYDRA 3120 WHITE 烏龜兩棲爬蟲玻璃寵物箱 S(日式缸 鬆獅蜥 守宮 蛇 310x304x200mm),"$1,753(售價已折)"
【LINSLINS 林趣】寵物黏毛器 手握款 兩色(貓狗環境清潔用品),$63
【Canary】Pet Best小動物抗菌消臭雙效浴砂 1kg(寵物鼠 蜜袋鼯 花香&果香共16種香味),$160
仿真草寵物廁所 AH-110(仿真草皮狗廁所 泰迪寵物狗狗用品 大型犬小型犬),$380(售價已折)
【ANIBIO 德國家醫】驅蟲魔力磁(犬貓適用/驅蟲用品),$940(售價已折)
【PETA】簡約風糖果寵物狗碗貓雙碗水碗食盆*2入(防滑防打翻飲水餵食器貓咪用品),$153(售價已折)
【Pet Link 寵物幹線】寵物鼠用消臭浴砂1kg Jolly JP鼠砂(寵物鼠 便砂 消臭),$72(售價已折)
寵物大便垃圾袋分配器-含垃圾袋(拾便袋 撿便袋 便便袋 撿屎袋 收納盒 寵物垃圾袋 寵物外出用品),$176(售價已折)
【Canary】Pet Best 超清爽抗菌鼠用便便砂 600g(倉鼠 寵物鼠 黃金鼠 廁所砂 便砂 消臭),$159
新款寵物外出飲水器(飲水瓶 飲水壺 餵水器 寵物水壺 外出水壺 寵物水杯 寵物外出用品),$269(售價已折)
【去除您的煩躁】日系攜帶式除毛球刷(除塵刷 除毛球 寵物毛 毛球修剪 靜電除毛 清潔用品 毛衣 交換禮物),$164(售價已折)
【寵物愛家】新穎商品貓咪狗狗家用吹風機烘乾箱-L(寵物生活用品),$984(售價已折)
【AOYI奧藝】INS風女神折疊可拆卸寵物外出推車(寵物外出用品 貓咪外出推車 貓咪外出背包 寵物貓咪旅行推車),"$6,072(售價已折)"
【寵物夢工廠】貓抓奶茶屋(貓玩具 貓用品 瓦楞紙 磨爪 貓窩 貓屋 貓抓板),$307(售價已折)
【e系列汽車用品】車用寵物後廂墊 KC761-3(後廂防水墊 寵物後廂墊 保潔墊),$540
【寵物愛家】寵物外出車用後排車載墊可折雙層寵物車用墊(寵物車用品),$738(售價已折)
【寵物愛家】活力橙大容量貓犬外出雙肩背包寵物外出包(寵物外出用品),"$1,242(售價已折)"
【PAWS FAMILIA 爪子本舖】寵物外出隨行水壺(寵物外出用品/外出隨行杯/寵物水壺/多功能隨行杯),$367(售價已折)
【pidan】寵物跑道地毯 -2片裝(貓狗外出用品),$550
【TOUCHCAT】逗貓棒 羽毛尾巴款 棕色(寵物玩具 貓用品 貓心動 貓狂愛 擬真搖尾),$179
【寵物愛家】新穎商品貓咪狗狗家用吹風機烘乾箱-L(寵物生活用品),$984(售價已折)
【寵物覺醒】超值鸚鵡派對玩樂套餐十件原色組(台灣/Tropical Planet/熱帶星球/鸚鵡用品/鸚鵡玩具),$399
【上芳香業】往生用品 寵物金大盒附地藏王金 疏文(寵物 家畜 往生亦可適用),$197(售價已折)
【寵物覺醒】超值鸚鵡玩具派對玩樂套餐十件原色組(台灣/Tropical Planet/熱帶星球/鸚鵡用品/鳥),$399
【May Shop】手提單肩包水洗牛仔包 狗包寵物旅行袋戶外用品,$401(售價已折)
【香濃寵物】南瓜窩 可愛小窩 小型寵物窩鳥巢(鸚鵡玩具、鳥用品、鸚鵡用品、倉鼠用品),$320
【ROYALLIN 蘿林嚴選】寵物狗狗外出專用防病毒口罩3入(口罩 寵物 寵物外出用品),$409(售價已折)
【寵物覺醒】超值鸚鵡派對玩樂套餐十件彩色組(TropicalPlanet/熱帶星球/耐咬磨牙/鸚鵡用品/鸚鵡玩具/鳥),$399
【寵物覺醒】鸚鵡玩具紙屑楞片啃咬串_10入(台灣/Tropical Planet/熱帶星球/鸚鵡用品/鳥),$499
【AOYI奧藝】歡樂鳥籠發聲貓咪玩具(寵物玩具用品 不倒翁貓玩具 三種顏色供選擇),$434(售價已折)
【YOYO 悠悠水族】寵物堅果系列_帶殼核桃_三入組(鳥飼料、鸚鵡飼料、鳥用品、鳥玩具、鸚鵡用品、鸚鵡玩具),$295
【上芳香業】紙紮。往生用品。紙紮龍船 往生龍船 台幣版 美金版(頭七 百日 對年 往生者 祖先 寵物往生),"$1,264(售價已折)"
【寵物覺醒】鸚鵡玩具環形彩色捲紙條啃咬串＿6入(台灣/Tropical Planet/熱帶星球/鸚鵡用品/鳥),$499
【寵物覺醒】鸚鵡玩具木珠木塊片啃咬串＿4入(台灣/Tropical Planet/熱帶星球/鸚鵡用品/鳥),$499
【寵物覺醒】鸚鵡玩具星星木片塊皮繩啃咬串＿6入(台灣/Tropical Planet/熱帶星球/鸚鵡用品/鳥),$499
【寵物覺醒】鸚鵡玩具天然木珠球啃咬串吊掛玩具＿20入(台灣/Tropical Planet/熱帶星球/鸚鵡用品/鳥),$499
【YOYO 悠悠水族】寵物保暖燈罩_小號_無固定夾(兩棲爬蟲、爬蟲用品、陸龜用品、鸚鵡用品、寵物保溫),$490
【香濃寵物】100%天然啃木 2入組(蜂蜜/草莓味/原味、磨牙、小動物、鸚鵡玩具、鳥用品、倉鼠用品),$229
【TROOPETS  初沛】時尚寵物沐浴用品系列 狗狗洗毛精 340ml(寵物洗毛、寵物沐浴),$760
【寵物覺醒】鸚鵡玩具天然絲瓜片塊原木珠啃咬串_10入(台灣/Tropical Planet/熱帶星球/鸚鵡用品/鳥),$499
【寵物覺醒】鸚鵡玩具天然草編瓦楞片啃咬串_10入(台灣/Tropical Planet/熱帶星球/鸚鵡用品/鳥),$499
【寵物覺醒】鸚鵡玩具玉米瓦楞片啃咬串_10入(台灣/Tropical Planet/熱帶星球/鸚鵡用品/鳥),$499
【寵物覺醒】鸚鵡玩具天然草編片瓦楞片啃咬串_10入(台灣/Tropical Planet/熱帶星球/鸚鵡用品/鳥),$499
【寵物覺醒】鸚鵡玩具天然玉米片草編片啃咬串(台灣/Tropical Planet/熱帶星球/鸚鵡用品/鳥),$499
【寵物覺醒】鸚鵡玩具天然玉米皮片原木球啃咬串_10入(台灣/Tropical Planet/熱帶星球/鸚鵡用品/鳥),$499
【BUBUPETTO】毛孩外出用免稀釋次氯酸水2000mlx3瓶(毛小孩 寵物 用品),$969
【PETA】貓咪玩具球毛絨自嗨解悶球彈力球16顆(寵物玩具貓貓狗狗球球用品),可訂購時通知我$153(售價已折)
【Nil】重力自嗨貓轉盤貓咪玩具 羽毛逗貓棒/搖擺乒乓球逗貓玩具 寵物貓玩具用品,$737(售價已折)
【pidan】寵物外出隨行杯 -兩色可選(貓狗外出用品),$420
【GEX】小動物柔軟白淨棉紙墊料1公斤(處女紙漿 白色 墊料 寵物鼠),$456(售價已折)
【寵物愛家】寵物小型貓犬雙肩外出寶貝寵物包(寵物外出用品),"$1,833(售價已折)"
【寵物愛家】網格透氣四季通用車載車用寵物外出包(寵物外出用品),"$1,331(售價已折)"
【SINGEN 信元發育寶】兔子倉鼠雪貂用除異味溫和低敏外用小寵物乾洗粉(100g/罐 天竺鼠),$239(售價已折)
愛心拍 訓狗棒 AH-439 兩入組(訓犬拍子 打狗棍 打狗棒 狗狗訓練器 狗用品 訓犬器 貓咪訓練器),$176(售價已折)
【8in1】自然奇蹟 犬用活氧酵素去漬除臭噴劑 甜瓜香味 32oz/946ml(送贈品 8合1 環境清潔 清潔用品),$587(售價已折)
【OTTO奧圖】兩棲爬蟲寵物岩石造型專用水盆-XL號(食物、盛水容器),$440(售價已折)
【Francodex法國法典】小動物極淨潔眼液 x3(寵物 老鼠 兔子 雪貂 眼睛 清潔 衛生 舒緩),"$1,026(售價已折)"
【寵物愛家】夏季Q版卡通寵物降溫冰墊-L(寵物生活用品),$414(售價已折)
【PETA】寵物伊麗莎白圈貓咪術後項圈狗狗貓咪通用防咬防舔圈保護頭套寵物防護用品(藍色鯊魚),可訂購時通知我$307(售價已折)
【寵物愛家】防貓抓磨保護沙發物品不掉屑劍麻貓抓墊(寵物居家用品),$406(售價已折)
【Richell 利其爾】特殊犬用品種狗碗 S號深型（白色普普風／粉色法國風）(寵物碗、狗碗),$755
【pidan】指套濕巾 15片1入(貓狗清潔護理用品),$190
【Richell 利其爾】特殊犬用品種狗碗 SS號深型（白色普普風／粉色法國風）(寵物碗、狗碗),$604
【PETPANNY 陪陪你】寵物抑菌濕紙巾80片*8包寵物全身/用品清潔(寵物濕紙巾、除臭、抑菌、免沖洗、清潔),$801(售價已折)
【TROOPETS  初沛】時尚寵物沐浴用品系列 尤加利平衡狗狗洗毛皂 200g(寵物洗毛、寵物沐浴),$217(售價已折)
寵物玩具棉繩甜甜圈2入組(耐咬耐啃 抗焦慮 互動 增進感情 陪伴 狗 貓 犬 磨牙 訓練用品),$228(售價已折)
【寵物夢工廠】攜帶式可摺疊防水貓砂盆L號(貓廁所/防水/貓盆/貓用品),$299(售價已折)
【木酢達人】酚多精寵物環境/用品除臭液(4900ml+450ml_橘油),$764(售價已折)
【寵物愛家】皮絨胸背寵物牽引繩4件組(寵物外出用品),$492(售價已折)
【寵物愛家】太空領航員PVC防水寵物專用墊-XS(寵物生活用品),$288(售價已折)
【pidan】手套濕巾  6片1入(寵物清潔 護理用品 手套濕巾),$190
【e系列汽車用品】車用前座寵物保潔墊 KC761-2(隔離網 前排防水墊 寵物前座 保潔墊),$252
【木酢達人】酚多精寵物環境/用品除臭液(4900ml+450ml_薰衣草),$764(售價已折)
【YOYO 悠悠水族】爬蟲專用天然岩板_大號_二入組(兩棲爬蟲、爬蟲用品、陸龜用品、鸚鵡用品、寵物躲藏),$480
【寵物愛家】夏季好物貓犬降溫涼感巾(寵物涼夏用品),$214(售價已折)
【寵物愛家】夏季Q版喵言汪語寵物圓型降溫冰墊(寵物生活用品),$488(售價已折)
【寵物愛家】太空領航員PVC防水寵物專用墊-S(寵物生活用品),$442(售價已折)
【Richell 利其爾】特殊犬用品種狗碗 M號深型（白色普普風／粉色法國風）(寵物碗、狗碗),$889(售價已折)
【KOJIMA】日本寵物護理用品 全身免沖洗泡沫清潔劑(植物低敏配方 保護愛寵柔嫩肌膚),$250
【寵物愛家】寵物防飛濺包殼指甲剪(寵物清潔用品),$221(售價已折)
【GBPH 好寶貝】寵物自動清潔推毛針梳(寵物針梳/按摩梳/脫毛梳/寵物美容用品/貓狗),$590
【LINSLINS 林趣】寵物祛毛針梳 兩色(貓狗除毛用品),$288
【PETA】3入寵物毛絨玩具貓薄荷鈴鐺發聲貓咪用品-飯糰(安撫幼貓自嗨),$207(售價已折)
【LUCKY ROOM】寵物☆所 寵物尿盆 狗☆所(狗尿盆 狗用品 尿盆),"$1,219"
【YOYO 悠悠水族】萬向夾燈罩(兩棲爬蟲、爬蟲用品、陸龜用品、鸚鵡用品、寵物保溫、陸龜保溫),$390
【寶寶用品】防水透氣超薄尿墊2入組(嬰兒 床墊 防水墊 生理墊 寵物墊 保潔墊 防尿墊 隔尿墊 環保尿布墊),可訂購時通知我$198(售價已折)
【寵物愛家】寵物外出車用後排車載墊可折雙層寵物車用墊(寵物車用品),$738(售價已折)
寵物安全帶 AH-475 貓狗安全帶(小狗汽車安全扣 小型中型大型犬 車用安全帶 寵物牽引繩 汽車用品),$134(售價已折)
【寵物愛家】掛籠平放式寵物飲水器寵物日常用品(寵物飲水器),$354(售價已折)
【美好寵商】DOGNESS多尼斯 迷彩系列胸背帶_M號(胸背袋 狗狗用品 寵物胸背),$800
【美好寵商】DOGNESS多尼斯 迷彩系列胸背帶_L號(胸背袋 狗狗用品 寵物胸背),$890
【PETHROOM】寵物洗澡防滑矽膠墊(貓狗沐浴用品),$520
【YOUPICK】PINKIN 愛鼠沐浴砂 500g(鼠消臭沙/鼠沙/寵物鼠砂/UP0361),$251(售價已折)
【典贊創意】寵物陶瓷草架食盆(天竺鼠兔子龍貓刺蝟 防打翻防啃 兔子草架 兔子食盆 天竺鼠用品),$455(售價已折)
【YOYO 悠悠水族】寵物角落型躲藏穴(兩棲爬蟲、爬蟲用品、鸚鵡用品、寵物躲藏、爬蟲躲藏、躲藏窩),$290
【卷貝貝生活館】寵物時尚雨鞋-XL碼(寵物雨鞋 寵物防滑鞋 寵物外出用品 貓狗通用 雨天用品),$375
【YOYO 悠悠水族】爬蟲專用UVB燈泡(兩棲爬蟲、爬蟲用品、陸龜用品、鸚鵡用品、寵物保溫、陸龜保溫),$390
【YOYO 悠悠水族】角落型寵物餵食盆_大_二入組(兩棲爬蟲、爬蟲用品、陸龜用品、寵物躲藏、爬蟲食盆),$590
【上芳香業】九品 蓮花塔 九色 往生咒 靈堂(頭七 百日 對年 往生者 先 寵物往生),$702(售價已折)
【bonbonpet】蹦蹦跳 貓咪強效清潔組 貓咪天竺葵快樂腳+擦澡手套5入(貓咪 清潔用品 足部清潔 身體清潔),$543(售價已折)
【SIRIUS Petfume 希蕊斯】開心狗用品除臭噴霧 400ml(韓國LG原廠公司貨),$254(售價已折)
【YOYO 悠悠水族】角落型寵物餵食盆_大(兩棲爬蟲、爬蟲用品、陸龜用品、寵物躲藏、爬蟲食盆、寵物碗),$350
【YOYO 悠悠水族】寵物方型躲藏穴(兩棲爬蟲、爬蟲用品、陸龜用品、鸚鵡用品、寵物躲藏、爬蟲躲藏、躲藏窩),$240
【上芳香業】紙紮。往生用品。寵物往生 貓咪 寵愛組 火化 飼料(寵物往生 頭七 百日 對年 亦可適用),"$1,500(售價已折)"
【TOUCHCAT】逗貓棒 點點羽毛款 棕紅色(姜公愛釣貓 寵物玩具 貓用品 貓奴互動遊戲),$179
【寵物覺醒】鸚鵡玩具木塊片圓珠啃咬串＿4入(台灣/Tropical Planet/熱帶星球/鸚鵡用品/鳥),$499
【TOUCHCAT】逗貓棒 點點羽毛款 藍紫色(姜公愛釣貓 寵物玩具 貓用品 貓奴互動遊戲),$179
【Canary】Pet Best 小動物專用浴砂3入組(倉鼠 寵物鼠 黃金鼠 廁所砂 便砂 消臭),$219
【Besthot】高透明觀賞昆蟲寵物箱 大型(外出提箱 飼養箱 分開合養箱),可訂購時通知我$558(售價已折)
【寵物愛家】新穎商品貓咪狗狗家用吹風機烘乾箱-M(寵物生活用品),$861(售價已折)
【卷貝貝生活館】寵物時尚雨鞋-XXL碼(寵物雨鞋 寵物防滑鞋 寵物外出用品 貓狗通用 雨天用品),$437
【寵物愛家】雲朵造型寵物外出便攜飲水餵食器(寵物外出用品),$266(售價已折)
【寵物愛家】貓犬用品秋冬溫馨保暖帶枕寵物窩(寵物睡窩),$721(售價已折)
狗狗美容師,$250
【MATCH】四角 兔便盆 2入組(寵物鼠 小白兔 迷你兔 廁所 可裝紙砂 貓砂),$320(售價已折)
【Richell 利其爾】特殊犬用品種狗碗 SS號淺型（白色普普風／粉色法國風）(寵物碗、狗碗),$574
【Richell 利其爾】特殊犬用品種狗碗 S號淺型（白色普普風／粉色法國風）(寵物碗、狗碗),$695
【Richell 利其爾】特殊犬用品種狗碗 M號淺型（白色普普風／粉色法國風）(寵物碗、狗碗),$833(售價已折)
【KOJIMA】日本寵物護理用品 貓狗肉墊清潔泡沫(潔足泡沫 足部清洗液 植物配方 溫和不刺激),$190
【KOJIMA】日本寵物護理用品 牙結石刮刀(精湛工藝 匠心品質),$171
【KOJIMA】日本寵物護理用品 多用途清潔棉片(精選好棉 溫和吸水),$89
【KOJIMA】日本寵物護理用品 一次性浴巾(一次一片 乾淨衛生無細菌 毛巾),$190
【KOJIMA】日本寵物護理用品 球狀雙頭耳部清潔棉棒(訂製棉頭 可防止棉籤過於深入耳道),$99
【寵物夢工廠】貓頭鷹貓抓窩(貓抓板 耐抓 貓抓屋 貓抓板 貓用品 造型貓抓板),$345(售價已折)
【寵物覺醒】鸚鵡玩具天然玉米皮繩原木片塊啃咬串吊_10入(台灣/Tropical Planet/熱帶星球/鸚鵡用品/鳥),$499
【寵物覺醒】鸚鵡玩具原木玉米皮繩啃咬串＿4入(台灣/Tropical Planet/熱帶星球/鸚鵡用品/鳥),$499
【寵物愛家】防貓抓磨保護沙發物品不掉屑劍麻貓抓墊(寵物居家用品),$406(售價已折)
【PETHROOM】柔軟親膚吸水巾 魔法手套(寵物 貓狗 沐浴用品),$650
【pidan】貓狗專用濕紙巾 10抽 超值10包入 寵物 環境 便攜款 清潔用品(寵物清潔護理用品),$180
【美國 SHOTS OUCH】寵物調教區 可愛狗奴面罩(狗奴調教.情趣用品.BDSM.PUPPYPLAY),"$2,349(售價已折)"
【Union汝欣】噢易洗 OEC 口腔衛生用品 潔齒液 120mL+潔耳液 120mL(口腔＋耳道清潔守護 降低異味),$540
【金德恩】LIXIT 寵物專用清潔梳毛刷(清潔/按摩/寵物/美國製造),$292(售價已折)
【pidan】透明防滑貓碗架 寵物碗 餵食容器 貓食物碗(貓狗餐具用品),可訂購時通知我$450
【YOYO 悠悠水族】寵物溫控加熱墊_14W(兩棲爬蟲、爬蟲用品、陸龜用品、鸚鵡用品、寵物保溫、陸龜保溫),$500
【YOYO 悠悠水族】爬蟲聚熱燈泡_75W(兩棲爬蟲、爬蟲用品、陸龜用品、鸚鵡用品、寵物保溫、加熱燈),$320
【YOYO 悠悠水族】爬蟲聚熱燈泡_25W(兩棲爬蟲、爬蟲用品、陸龜用品、鸚鵡用品、寵物保溫、陸龜保溫),$320
【美好寵商】DOGNESS多尼斯 迷彩系列胸背帶_S號(胸背袋 狗狗用品 寵物胸背),$712
【GBPH 好寶貝】寵物自動清潔推毛針梳(寵物針梳/按摩梳/脫毛梳/寵物美容用品/貓狗),$590
【Dogfeet】暖呼呼圓型冬床 寵物冬床(貓咪用品 狗窩 寵物床墊 可愛寵物窩 寵物冬床 貓窩),$625(售價已折)
【Dogfeet】暖暖圓滾滾冬床 小型寵物冬床(貓咪用品 狗窩 寵物床墊 可愛寵物窩 寵物冬床 貓窩),$437(售價已折)
【中藍行】陶瓷加熱器CS069-100 100W(寵物 爬蟲類 烏龜 蜥蜴 蛇 溫度 加熱 保溫 防寒),$460(售價已折)
【寵物愛家】寵物小型貓犬雙肩外出寶貝寵物包(寵物外出用品),"$1,833(售價已折)"
【寵物愛家】皮絨胸背寵物牽引繩4件組(寵物外出用品),$492(售價已折)
【寵物愛家】夏季Q版卡通寵物降溫冰墊-M(寵物生活用品),$287(售價已折)
【寵物覺醒】超值鸚鵡派對玩樂套餐十件彩色組(TropicalPlanet/熱帶星球/鸚鵡用品/鳥),$399
【寵物覺醒】超值鸚鵡派對玩樂套餐十件原色組_2入(台灣/Tropical Planet/熱帶星球/鸚鵡用品/鸚鵡玩具/鳥),$599
【寵物覺醒】鸚鵡玩具玉米磨牙石絲瓜啃咬串_10入(台灣/Tropical Planet/熱帶星球/鸚鵡用品/鳥),$499
【寵物覺醒】超值鸚鵡派對玩樂套餐十件＿2入(台灣/Tropical Planet/熱帶星球/鸚鵡用品/鸚鵡玩具/鳥),$599
【寵物覺醒】鸚鵡玩具藤球木片塊皮繩啃咬串＿6入(台灣/Tropical Planet/熱帶星球/鸚鵡用品/鳥),$499
【KOJIMA】日本寵物護理用品護足膏(修護乾裂 嫩滑雙爪),$250
【YOYO 悠悠水族】爬蟲月光燈泡_25W(兩棲爬蟲、爬蟲用品、陸龜用品、鸚鵡用品、寵物保溫、加熱燈),$320
【獨居匠心生活館】保暖貓墊(貓窩四季通用貓床冬季寵物床貓咪睡覺的窩小貓用品冬天保暖貓墊),"$1,154(售價已折)"
【BO雜貨】攜帶式迷你垃圾袋+1補充包收納袋(旅行用品 防水袋 寵物用 分類袋 回收袋),$295
【YOYO 悠悠水族】寵物保暖燈罩_大號_附固定夾(兩棲爬蟲、爬蟲用品、陸龜用品、鸚鵡用品、寵物保溫),$690
【BUBUPETTO】毛孩外出用免稀釋次氯酸水350mlx5瓶(毛小孩 寵物 用品),$889
【香濃寵物】鳥益智創意站桿玩具 花椒木松木(鸚鵡玩具、鳥用品、鸚鵡用品、啃咬玩具),$265
【捷華】熊掌寵物窩 小型/中型犬 可愛貓窩狗床墊絨毛設計 四季可用 保暖床具用品,$546(售價已折)
【MJ 萌洲】100%南非松木木屑床 9L(抗菌消臭 天然木屑 兔子 寵物鼠 小動物 環保 可回收 木屑床),$325(售價已折)
【寵物愛家】寵物單肩斜背寵物外出透氣包(寵物外出用品),$887(售價已折)
【寵物覺醒】鸚鵡玩具天然編織玉米皮片啃咬串_10入(台灣/Tropical Planet/熱帶星球/鸚鵡用品/鳥),$499
【寵物覺醒】鸚鵡玩具天然藤球瓦楞片啃咬串_10入(台灣/Tropical Planet/熱帶星球/鸚鵡用品/鳥),$499
【寵物愛家】寵物整理毛梳+毛髮收集器組(寵物除毛用品),$679(售價已折)
【KOJIMA】日本寵物護理用品耳部精油棉棒(草本萃取 溫合配方),$119
【MewooFun 喵乎汪也】甜筒星球寵物碗 附餐墊 三色(貓狗餵食餐具用品),$900
【YOYO 悠悠水族】爬蟲專用天然岩板_中號_二入組(兩棲爬蟲、爬蟲用品、陸龜用品、鸚鵡用品、寵物躲藏),$390
【YOYO 悠悠水族】爬蟲專用天然岩板_小號_二入組(兩棲爬蟲、爬蟲用品、陸龜用品、鸚鵡用品、寵物躲藏),$250
【YOYO 悠悠水族】不鏽鋼防踩踏陸龜食盆_圓形_二入組(兩棲爬蟲、爬蟲用品、陸龜用品、寵物躲藏、爬蟲食盆),$550
【美好寵商】DOGNESS多尼斯 靈動系列伸縮牽引繩_S號(彈力牽繩 伸縮牽引繩 寵物戶外用品),$623
【美好寵商】DOGNESS多尼斯 反光系列胸背帶_M號(狗胸背 狗用品 寵物胸背),$534
AH-226A-風車貓咪蹭(旋轉蹭癢磨牙-蹭癢-貓用品-貓玩具-潔牙-貓潔牙-風車玩具-寵物磨牙),$214(售價已折)
【May Shop】美型寵物外出包 狗狗包寵物旅行袋戶外用品,$401(售價已折)
【YOYO 悠悠水族】寵物保暖燈罩_大號_無固定夾(兩棲爬蟲、爬蟲用品、陸龜用品、鸚鵡用品、陸龜保溫),$580
【YOYO 悠悠水族】寵物鳥益智方塊_三入組(鳥用品、鳥玩具、鸚鵡用品、鸚鵡玩具),$349
【BUBUPETTO】毛孩外出用免稀釋次氯酸水500mlx5瓶(毛小孩 寵物 用品),$999
【pidan】磨牙咬膠玩具系列 -鑰匙款 L號 寵物玩具 狗磨牙(犬用訓練用品),$190
【Dogfeet】暖呼呼萬用毯L 寵物冬毯(貓咪用品 狗窩 寵物床墊 可愛寵物窩 寵物冬床 貓窩),$343(售價已折)
【Canary】Pet Best小動物抗菌消臭雙效浴砂3入組(寵物鼠 蜜袋鼯 花香&果香共16種香味),$319
【上芳香業】寵物往生 狗屋紙紮 貓屋紙紮 毛小孩的窩(火化 靈骨塔 封條 法會 寵物 狗狗 貓咪),"$2,448(售價已折)"
【MJ 萌洲】100%南非松木木屑床 4L x2包(抗菌消臭 天然木屑 兔子 寵物鼠 小動物 環保 可回收 木屑床),$396(售價已折)
【MATCH】三角 兔便盆 2入組(寵物鼠 小白兔 迷你兔 廁所 可裝紙砂 貓砂),$312(售價已折)
【寵物愛家】太空領航員PVC防水寵物專用墊-S(寵物生活用品),$442(售價已折)
【寵物覺醒】超值鸚鵡派對玩樂套餐十件原色組(台灣/Tropical Planet/熱帶星球/鸚鵡用品/鸚鵡玩具/鳥),$399
【寵物覺醒】鸚鵡玩具天然原木珠木塊啃咬串_10入(台灣/Tropical Planet/熱帶星球/鸚鵡用品/鳥),$499
【寵物覺醒】鸚鵡玩具天然絲瓜片塊藤球咬串吊掛玩具_10入(台灣/Tropical Planet/熱帶星球/鸚鵡用品/鳥),$499
【寵物覺醒】鸚鵡玩具天然磨牙石藤球絲瓜片啃咬串_10入(台灣/Tropical Planet/熱帶星球/鸚鵡用品/鳥),$499
【寵物覺醒】鸚鵡玩具天然樹皮樹木木片啃咬串_5入(台灣/Tropical Planet/熱帶星球/鸚鵡用品/鳥),$499
【寵物覺醒】鸚鵡玩具彩色捲紙條啃咬串吊掛玩具_8入(台灣/Tropical Planet/熱帶星球/鸚鵡用品/鳥),$499
【寵物覺醒】鸚鵡玩具彩色絲瓜片瓦楞片啃咬串_8入(台灣/Tropical Planet/熱帶星球/鸚鵡用品/鳥),$499
【寵物覺醒】鸚鵡玩具彩色木塊片瓦楞片啃咬串_5入(台灣/Tropical Planet/熱帶星球/鸚鵡用品/鳥),$499
【寵物覺醒】鸚鵡玩具玉米磨牙石絲瓜啃咬串_10入(台灣/Tropical Planet/熱帶星球/鸚鵡用品/鳥),$499
【寵物覺醒】超值鸚鵡派對套餐十件原色組＿2入(台灣/Tropical Planet/熱帶星球/鸚鵡用品/鸚鵡玩具/鳥),$599
【寵物覺醒】鸚鵡玩具玉米蘿蔔磨牙石啃咬串木條＿10入(台灣/Tropical Planet/熱帶星球/鸚鵡用品/鳥),$499
【寵物覺醒】鸚鵡玩具彩色藤球木塊片啃咬串＿6入(台灣/Tropical Planet/熱帶星球/鸚鵡用品/鳥),$499
【寵物覺醒】鸚鵡玩具木珠木塊片啃咬串＿4入(台灣/Tropical Planet/熱帶星球/鸚鵡用品/鳥),$499
【寵物覺醒】鸚鵡玩具超值鸚鵡派對玩樂磨牙四件＿3入(台灣/Tropical Planet/熱帶星球/鸚鵡用品/鳥),$499
【YOYO 悠悠水族】爬蟲專用天然岩板_大號(兩棲爬蟲、爬蟲用品、陸龜用品、鸚鵡用品、寵物躲藏、爬蟲躲藏),$280
【YOYO 悠悠水族】爬蟲月光燈泡_50W(兩棲爬蟲、爬蟲用品、陸龜用品、鸚鵡用品、寵物保溫、加熱燈),$320
【YOYO 悠悠水族】角落型寵物餵食盆_小_二入組(兩棲爬蟲、爬蟲用品、陸龜用品、寵物躲藏、爬蟲食盆),$390
【YOYO 悠悠水族】角落型寵物餵食盆_小(兩棲爬蟲、爬蟲用品、陸龜用品、寵物躲藏、爬蟲食盆、寵物碗),$250
【YOYO 悠悠水族】不鏽鋼防踩踏陸龜食盆_長型_二入組(兩棲爬蟲、爬蟲用品、陸龜用品、寵物躲藏、爬蟲食盆),$800
【YOYO 悠悠水族】爬蟲聚熱燈泡_100W(兩棲爬蟲、爬蟲用品、陸龜用品、鸚鵡用品、寵物保溫、陸龜保溫),$320
【BUBUPETTO】毛孩用品用免稀釋次氯酸水4000mlx3瓶(毛小孩 寵物 用品),$979
【8in1】NM 貓砂去味除臭噴劑 熱帶花香 24oz(不結塊 貓砂清潔 除臭 貓用品 寵物清潔),$581
【Pet Universe 多寵宇宙】寵物清潔乾手套慕斯組(2罐慕斯8入手套/組 寵物清潔用品 寵物美容手套 寵物濕巾),$449
【木酢達人】寵物全效洗潔劑+用品除臭噴霧(500ml+55ml),$572
【pidan】貓狗專用濕紙巾 10抽 超值30包入 寵物 環境 便攜款 清潔用品(寵物清潔護理用品),$390
【寵物愛家】寵物防飛濺包殼指甲剪(寵物清潔用品),$221(售價已折)
【PAWS FAMILIA 爪子本舖】寵物薯片造型睡袋(寵物窩/貓狗用品/寵物睡窩/寵物床/寵物睡袋/寵物家具),$735(售價已折)
【MewooFun 喵乎汪也】智慧多功能外出水瓶-奶油黃/雲朵白/蜜桃粉/薄荷綠(寵物外出用品、水瓶),$615
【Mr.OC 橘貓先生】仙女系四件套逗貓棒(貓玩具 寵物玩具 鈴鐺 貓用品),$359
【YOYO 悠悠水族】寵物堅果系列_無殼核桃_三入組(鳥飼料、鸚鵡飼料、鳥用品、鳥玩具、鸚鵡用品、鸚鵡玩具),$390
【YOYO 悠悠水族】金屬蛇管陶瓷夾燈_不含燈泡(兩棲爬蟲、爬蟲用品、陸龜用品、鸚鵡用品、寵物保溫),$480
【BUBUPETTO】毛孩外出用免稀釋次氯酸水2000mlx1瓶(毛小孩 寵物 用品),$539
【pidan】磨牙咬膠玩具系列 -鑰匙款 M號寵物玩具 狗磨牙(犬用訓練用品),$150
【捷華】多款式寵物窩 一窩兩用 貓窩 寵物沙發 保暖 可折疊收納 毛小孩專屬必備用品,$592(售價已折)
【Dogfeet】暖呼呼方型冬床 寵物冬床(貓咪用品 狗窩 寵物床墊 可愛寵物窩 寵物冬床 貓窩),$625(售價已折)
【Zoo Med】水龜燈泡 50W耐用「防潑」鹵素燈可增豔寵物色澤(適用所有種類水龜和其他水生環境寵物使用OH50),$688(售價已折)
【中藍行】陶瓷加熱器CS069-60 60W(寵物 爬蟲類 烏龜 蜥蜴 蛇 溫度 加熱 保溫 防寒),$395(售價已折)
【中藍行】陶瓷加熱器CS069-150 150W(寵物 爬蟲類 烏龜 蜥蜴 蛇 溫度 加熱 保溫 防寒),$515(售價已折)
【OTTO奧圖】兩棲爬蟲寵物岩石造型專用水盆-L號(食物、盛水容器),$372(售價已折)
【寵物愛家】雲朵造型寵物外出便攜飲水餵食器(寵物外出用品),$266(售價已折)
【寵物愛家】夏季Q版喵言汪語寵物圓型降溫冰墊(寵物生活用品),$488(售價已折)
【寵物愛家】太空領航員PVC防水寵物專用墊-XS(寵物生活用品),$294(售價已折)
【寵物愛家】夏季Q版卡通寵物降溫冰墊-L(寵物生活用品),$414(售價已折)
【寵物覺醒】超值鸚鵡派對玩樂套餐十件彩色組(台灣/Tropical Planet/熱帶星球/鸚鵡用品/鸚鵡玩具/鳥),$399
【寵物覺醒】彩色星星藤球絲瓜片啃咬磨牙玩具_10入(台灣/Tropical Planet/熱帶星球/鸚鵡用品/鳥),$499
【寵物覺醒】鸚鵡玩具天然玉米皮片原木塊啃咬磨牙玩具_10入(台灣/Tropical Planet/熱帶星球/鸚鵡用品/鳥),$499
【寵物覺醒】鸚鵡玩具天然彩色原木珠木塊啃咬串_10入(台灣/Tropical Planet/熱帶星球/鸚鵡用品/鳥),$499
【寵物覺醒】鸚鵡玩具天然編織玉米皮片藤球啃咬串_10入(台灣/Tropical Planet/熱帶星球/鸚鵡用品/鳥),$499
【寵物覺醒】鸚鵡玩具彩色藤球五角星原色木塊片啃咬_10入(台灣/Tropical Planet/熱帶星球/鸚鵡用品/鳥),$499
【寵物覺醒】鸚鵡玩具天然編織玉米皮片墨魚骨塊啃咬串_10入(台灣/Tropical Planet/熱帶星球/鸚鵡用品/鳥),$499
【寵物覺醒】鸚鵡玩具天然彩色編織玉米皮片墨魚骨塊_10入(台灣/Tropical Planet/熱帶星球/鸚鵡用品/鳥),$499
【寵物覺醒】超值鸚鵡派對玩樂套餐十件組＿2入(台灣/Tropical Planet/熱帶星球/鸚鵡用品/鸚鵡玩具/鳥),$599
【寵物覺醒】超值鸚鵡派對玩樂套餐十件組＿2入(台灣/Tropical Planet/熱帶星球/鸚鵡用品/鸚鵡玩具/鳥),$500
【寵物覺醒】鸚鵡玩具絲瓜牛皮片瓦楞片啃咬串_10入(台灣/Tropical Planet/熱帶星球/鸚鵡用品/鳥),$499
【寵物覺醒】超值鸚鵡派對套餐十件原色組＿2入(台灣/Tropical Planet/熱帶星球/鸚鵡用品/鸚鵡玩具/鳥),$599
【寵物覺醒】超值鸚鵡派對玩樂套餐十件組＿2入(台灣/Tropical Planet/熱帶星球/鸚鵡用品/鸚鵡玩具/鳥),$599
【寵物覺醒】鸚鵡玩具玉米蘿蔔磨牙石啃咬串＿10入(台灣/Tropical Planet/熱帶星球/鸚鵡用品/鳥),$499
【寵物覺醒】鸚鵡玩具彩色木珠木球啃咬串吊掛玩具＿15入(台灣/Tropical Planet/熱帶星球/鸚鵡用品/鳥),$499
【寵物覺醒】鸚鵡玩具彩色木珠木球啃咬串吊掛玩具＿18入(台灣/Tropical Planet/熱帶星球/鸚鵡用品/鳥),$499
【寵物覺醒】鸚鵡玩具彩色木珠木球啃咬串吊掛玩具＿20入(台灣/Tropical Planet/熱帶星球/鸚鵡用品/鳥),$499
【寵物覺醒】鸚鵡玩具天然木珠球啃咬串吊掛玩具＿18入(台灣/Tropical Planet/熱帶星球/鸚鵡用品/鳥),$499
【寵物覺醒】鸚鵡玩具天然木珠球啃咬串吊掛玩具＿15入(台灣/Tropical Planet/熱帶星球/鸚鵡用品/鳥),$499
【寵物愛家】貓犬用品秋冬三角蒙古包封閉式寵物窩(寵物睡窩),$721(售價已折)
【寵物愛家】貓犬用品秋冬溫馨保暖帶枕寵物窩(寵物睡窩),$721(售價已折)
【PETHROOM】寵物醫生除臭抗菌噴霧(貓狗環境用品),$690
【YOYO 悠悠水族】寵物專用測溫槍(兩棲爬蟲、爬蟲用品、鸚鵡、陸龜測溫槍),$549
【YOYO 悠悠水族】爬蟲專用天然岩板_小號_四入組(兩棲爬蟲、爬蟲用品、陸龜用品、鸚鵡用品、寵物躲藏),$330
【YOYO 悠悠水族】爬蟲月光燈泡_100W(兩棲爬蟲、爬蟲用品、陸龜用品、鸚鵡用品、寵物保溫、陸龜保溫),$320
【YOYO 悠悠水族】不鏽鋼防踩踏陸龜食盆_圓形(兩棲爬蟲、爬蟲用品、陸龜用品、寵物躲藏、爬蟲食盆),$320
【YOYO 悠悠水族】不鏽鋼防踩踏陸龜食盆_長型(兩棲爬蟲、爬蟲用品、陸龜用品、寵物躲藏、爬蟲食盆、寵物碗),$450
【YOYO 悠悠水族】爬蟲月光燈泡_75W(兩棲爬蟲、爬蟲用品、陸龜用品、鸚鵡用品、寵物保溫、陸龜保溫),$320
【BUBUPETTO】毛孩用品用免稀釋次氯酸水4000mlx1瓶(毛小孩 寵物 用品),$569
【BUBUPETTO】毛孩用品用免稀釋次氯酸水2000mlx1瓶(毛小孩 寵物 用品),$539
【BUBUPETTO】毛孩用品用免稀釋次氯酸水2000mlx3瓶(毛小孩 寵物 用品),$969
【BUBUPETTO】毛孩用品用免稀釋次氯酸水500mlx1瓶(毛小孩 寵物 用品),$679
【BUBUPETTO】毛孩用品用免稀釋次氯酸水500mlx3瓶(毛小孩 寵物 用品),$819
【BUBUPETTO】毛孩用品用免稀釋次氯酸水500mlx5瓶(毛小孩 寵物 用品),$999
【BUBUPETTO】毛孩用品用免稀釋次氯酸水350mlx3瓶(毛小孩 寵物 用品),$745
【BUBUPETTO】毛孩用品用免稀釋次氯酸水350mlx1瓶(毛小孩 寵物 用品),$639
【BUBUPETTO】毛孩用品用免稀釋次氯酸水350mlx5瓶(毛小孩 寵物 用品),$889
【pidan】貓狗專用濕紙巾 10抽 超值50包入 寵物 環境 便攜款 清潔用品(寵物清潔護理用品),$630(售價已折)
【TROOPETS  初沛】時尚寵物沐浴用品系列 狗狗護毛素 340ml(寵物洗毛、寵物沐浴、寵物潤絲),$760
【美好寵商】DOGNESS多尼斯 靈動系列伸縮牽引繩_M號(彈力牽繩 伸縮牽引繩 寵物戶外用品),$800
【美好寵商】DOGNESS多尼斯 反光系列胸背帶_L號(狗胸背 狗用品 寵物胸背),$650
【AOYI奧藝】寵物錢輪轉盤漏食器 寵物益智餵食器(寵物玩具用品 毛小孩餵食玩具四種顏色）),$434(售價已折)
【coral】逗貓玩具/逗貓打地鼠/貓咪用品/逗貓棒/逗貓遊戲/羽毛逗貓神器(逗貓遊戲/貓咪玩具/寵物玩具),$925(售價已折)
【YOYO 悠悠水族】寵物堅果系列_開心果_三入組(鳥飼料、鸚鵡飼料、鳥用品、鳥玩具、鸚鵡用品、鸚鵡玩具),$680
【YOYO 悠悠水族】寵物保暖燈罩_小號_附固定夾(兩棲爬蟲、爬蟲用品、陸龜用品、鸚鵡用品、寵物保溫),$590
【YOYO 悠悠水族】萬用陶瓷夾燈_不含燈泡(兩棲爬蟲、爬蟲用品、陸龜用品、鸚鵡用品、寵物保溫),$480
【BUBUPETTO】毛孩外出用免稀釋次氯酸水4000mlx1瓶(毛小孩 寵物 用品),$569
【BUBUPETTO】毛孩外出用免稀釋次氯酸水4000mlx3瓶(毛小孩 寵物 用品),$979
【BUBUPETTO】毛孩外出用免稀釋次氯酸水500mlx1瓶(毛小孩 寵物 用品),$679
【BUBUPETTO】毛孩外出用免稀釋次氯酸水500mlx3瓶(毛小孩 寵物 用品),$819
【BUBUPETTO】毛孩外出用免稀釋次氯酸水350mlx1瓶(毛小孩 寵物 用品),$639
【BUBUPETTO】毛孩外出用免稀釋次氯酸水350mlx3瓶(毛小孩 寵物 用品),$745
【神寶寵物】超大支金屬貓砂鏟 寵物清潔用品 大號貓砂鏟(輕鬆好鏟),$399(下單再折)
【Dogfeet】暖呼呼馬卡龍睡窩 寵物冬床(貓咪用品 狗窩 寵物床墊 可愛寵物窩 寵物冬床 貓窩),$813(售價已折)
【Dogfeet】暖呼呼方塊兩用睡窩 寵物冬床(貓咪用品 狗窩 寵物床墊 可愛寵物窩 寵物冬床 貓窩),$876(售價已折)
【Dogfeet】暖呼呼萬用毯M 寵物冬毯(貓咪用品 狗窩 寵物床墊 可愛寵物窩 寵物冬床 貓窩),$249(售價已折)
【OTTO奧圖】兩棲爬蟲寵物岩石造型專用水盆-S號(食物、盛水容器),$342(售價已折)
【OTTO奧圖】兩棲爬蟲寵物岩石造型專用水盆-M號(食物、盛水容器),$349(售價已折)
【Richell 利其爾】特殊犬用品種狗碗 SS淺型（白色普普風／粉色法國風）,$589(售價已折)
【Richell 利其爾】特殊犬用品種狗碗 S淺型（白色普普風／粉色法國風）,$683(售價已折)
【Richell 利其爾】特殊犬用品種狗碗 SS深型（白色普普風／粉色法國風）,$612(售價已折)
【Richell 利其爾】特殊犬用品種狗碗 S深型（白色普普風／粉色法國風,$730(售價已折)
【Richell 利其爾】特殊犬用品種狗碗 M淺型（白色普普風／粉色法國風,$849(售價已折)
【Richell 利其爾】特殊犬用品種狗碗 M深型（白色普普風／粉色法國風,$897(售價已折)
【金德恩】LIXIT 寵物專用清潔梳毛刷(清潔/按摩/寵物/美國製造),$292(售價已折)
【金德恩】2包LIXIT 寵物用活性碳異味分解包1包2入(台灣製造),$536(售價已折)
【美國 GALERDO】Dog Bite Stick 互動訓練用品、天然環保耐用狗咬枕(狗咬枕、互動訓練用品),$721(售價已折)
【美國 GALERDO】Dog Bite Stick 互動訓練用品、天然環保耐用狗咬棒(狗咬棒、互動訓練用品),$533(售價已折)
【美國 GALERDO】Dog Bite Stick 互動訓練用品、天然環保耐用狗咬棒(狗咬棒、互動訓練用品),$675(售價已折)
【百翠氏】SSGS認證百翠氏綠素精靈寵物住所天然精油(500cc家庭號大瓶裝),"售完補貨中$1,080"
【百翠氏】SGS認證百翠氏綠素精靈寵物住所天然精油(500cc家庭號大瓶裝),售完補貨中$999
